review_priority,article_number,review_bucket,original_difference_type,similarity,candidate_text_length,ocr_text_length,candidate_hash,official_source_hash,verification_action_allowed,article_title_ar,suspected_issue,recommended_action
P0,3,missing_or_segmentation_issue,missing_in_official_source,0.0,95,0,42a8944cf60f240fac299ceae483704d61e77788723d7b8492dace5b16dd6ad0,,False,جنسية الشركة,لم يُعثر على المادة في مخرجات OCR (فشل استخراج العنوان أو فجوة تقطيع). / article not located in OCR (heading miss / segmentation gap).,مراجعة الصفحة الممسوحة يدويًا وتأكيد وجود/رقم المادة. / manually check the scanned page; confirm the article exists / its number.
P1,1,low_similarity_manual_review,substantive_difference,0.3948,709,703,fdefd577567b56b42e7867c53a3b7a141e772515b633f056c79314f72c23508a,9050c545bea6ac3f998549be028247274183aa5a8e664d3e07f8e53ebdedd16e,False,التعريفات,تشابه منخفض — قد يكون ضجيج OCR شديدًا أو اختلافًا فعليًا. / low similarity — heavy OCR noise or a real difference.,مراجعة يدوية للنص الأصلي مقابل الصفحة الرسمية. / manual review of candidate text vs the official page.
P1,12,low_similarity_manual_review,substantive_difference,0.2579,345,388,d590f4700333e85d8e6fdfed485ca97c3b69d451349f0982613c876c1a733cde,b09373df10b24133a93a9b66ecd45b0c2618abfbd3d32e75ce1403b0c6ce4275,False,البيانات الواجب تضمينها في وثائق الشركة,تشابه منخفض — قد يكون ضجيج OCR شديدًا أو اختلافًا فعليًا. / low similarity — heavy OCR noise or a real difference.,مراجعة يدوية للنص الأصلي مقابل الصفحة الرسمية. / manual review of candidate text vs the official page.
P1,19,low_similarity_manual_review,substantive_difference,0.5589,1572,1818,ab96b968d66c2189b3af105a5dc7e64a602e27a863c6dd00fec6503ae03f58c1,1b55d2c5761e2b5a514fc4c02516cd05bb825e6601954c9072ffbe0295b0b921,False,عدم سريان متطلب تعيين مراجع حسابات,تشابه منخفض — قد يكون ضجيج OCR شديدًا أو اختلافًا فعليًا. / low similarity — heavy OCR noise or a real difference.,مراجعة يدوية للنص الأصلي مقابل الصفحة الرسمية. / manual review of candidate text vs the official page.
P1,22,low_similarity_manual_review,substantive_difference,0.3772,521,648,f7d6c610e7adcec1735ac71e27521078b822f626b859d7c0b015daa5aa4132b3,97b29b98cd377a7983ce700b22df153b642a24f5f9fe27fd0f90bf6e4410c181,False,توزيع الأرباح,تشابه منخفض — قد يكون ضجيج OCR شديدًا أو اختلافًا فعليًا. / low similarity — heavy OCR noise or a real difference.,مراجعة يدوية للنص الأصلي مقابل الصفحة الرسمية. / manual review of candidate text vs the official page.
P1,23,low_similarity_manual_review,substantive_difference,0.5736,363,309,0f3bea402dad78c55bdc6870cb5ae6305a0457d01226440acba176106a9631ee,a0d1a21aa811f6aad0c0d1d5f396a2aed8e4cc9418dbd5da148798e81880b2bf,False,تقاسم الأرباح والخسائر,تشابه منخفض — قد يكون ضجيج OCR شديدًا أو اختلافًا فعليًا. / low similarity — heavy OCR noise or a real difference.,مراجعة يدوية للنص الأصلي مقابل الصفحة الرسمية. / manual review of candidate text vs the official page.
P1,55,low_similarity_manual_review,substantive_difference,0.2679,370,380,adaa236c18e4bb53b78a4d42a428a14f108d1ad38ec25c43201e33891fc9e4c5,1395b22f8031b2dd50f7d01e6c80625557b049fd29140eafce87f3f35378ef53,False,قرارات الشركاء,تشابه منخفض — قد يكون ضجيج OCR شديدًا أو اختلافًا فعليًا. / low similarity — heavy OCR noise or a real difference.,مراجعة يدوية للنص الأصلي مقابل الصفحة الرسمية. / manual review of candidate text vs the official page.
P1,60,low_similarity_manual_review,substantive_difference,0.5403,240,305,7fadde5590cbecf6c536cc566bf1cca754cd5027a19b6c6732193e7d41577231,e9e16ba17b0a0ed5abce0747578ae9e88966aa7354a65fceb012ee7b778c64cd,False,رأس المال المصدر والمصرح به,تشابه منخفض — قد يكون ضجيج OCR شديدًا أو اختلافًا فعليًا. / low similarity — heavy OCR noise or a real difference.,مراجعة يدوية للنص الأصلي مقابل الصفحة الرسمية. / manual review of candidate text vs the official page.
P1,61,low_similarity_manual_review,substantive_difference,0.4903,1303,1350,0b796c2ad236278c0b471a1031a0767d04c6112042da0abd364b94a93158573a,0ef93c6072c04b88b0a0a86c9c78c3da2d915bbd56945b8cfbbf68239182f5bc,False,بيانات نظام الشركة الأساس,تشابه منخفض — قد يكون ضجيج OCR شديدًا أو اختلافًا فعليًا. / low similarity — heavy OCR noise or a real difference.,مراجعة يدوية للنص الأصلي مقابل الصفحة الرسمية. / manual review of candidate text vs the official page.
P1,71,low_similarity_manual_review,substantive_difference,0.1353,1358,1485,800883012146a6c3ec5bbc8b67379966de223aa394efed167e18bd4b5cb68d6a,48aefc87b05505ae435f912c9803e4bb7d3c271e8ce4a400145ec7bc92a60825,False,الإفصاح عن المصلحة في الأعمال والعقود,تشابه منخفض — قد يكون ضجيج OCR شديدًا أو اختلافًا فعليًا. / low similarity — heavy OCR noise or a real difference.,مراجعة يدوية للنص الأصلي مقابل الصفحة الرسمية. / manual review of candidate text vs the official page.
P1,76,low_similarity_manual_review,substantive_difference,0.1116,888,896,3589b764ceb1dfc031b661aaa065a9adbb3f1e8f6168492306bed32306cda486,62a4b3b90d117f4570049335488a0204cf1d7e3b270ffb787af21b0aed821c49,False,مكافأة أعضاء مجلس الإدارة,تشابه منخفض — قد يكون ضجيج OCR شديدًا أو اختلافًا فعليًا. / low similarity — heavy OCR noise or a real difference.,مراجعة يدوية للنص الأصلي مقابل الصفحة الرسمية. / manual review of candidate text vs the official page.
P1,88,low_similarity_manual_review,substantive_difference,0.5243,745,746,c42b635122ce6c10a4203bbad52c22534924185c687f8f3b0f7644a4e44caac6,527adb472cce49ee94be8c1c63c9da4a2165a184d38318f31f0131a33f467cbc,False,اجتماع الجمعية العامة العادية,تشابه منخفض — قد يكون ضجيج OCR شديدًا أو اختلافًا فعليًا. / low similarity — heavy OCR noise or a real difference.,مراجعة يدوية للنص الأصلي مقابل الصفحة الرسمية. / manual review of candidate text vs the official page.
P1,91,low_similarity_manual_review,substantive_difference,0.4608,1069,1140,e684aceb8b8c202efa8866c2593c21f7d16055aa89a9cd0e061817474a1f2a40,1399b7a99319f2679e6fa2f435cb3904e9bb7f22ab2c660add1a07fb7a8ff4ea,False,الدعوة إلى اجتماع الجمعية,تشابه منخفض — قد يكون ضجيج OCR شديدًا أو اختلافًا فعليًا. / low similarity — heavy OCR noise or a real difference.,مراجعة يدوية للنص الأصلي مقابل الصفحة الرسمية. / manual review of candidate text vs the official page.
P1,92,low_similarity_manual_review,substantive_difference,0.2901,850,936,d69f29ef23bfdb348e1580172f84b7e7357b6469f4c9b4b11a707c6ddf409063,55d736f524e88ca616756e46180f28482fc19b41e2797b74753cb13cf60ef8ff,False,النصاب اللازم لعقد اجتماع الجمعية العامة العادية,تشابه منخفض — قد يكون ضجيج OCR شديدًا أو اختلافًا فعليًا. / low similarity — heavy OCR noise or a real difference.,مراجعة يدوية للنص الأصلي مقابل الصفحة الرسمية. / manual review of candidate text vs the official page.
P1,93,low_similarity_manual_review,substantive_difference,0.2902,1407,1565,1a2caa6f25e27daeba1b54f4689d0e525d677d2bb348748d7f231b84e5540b51,364fb14d44479d149e9a3b49186d84047807f8b1149c10524b539f25c18f65d3,False,النصاب اللازم لعقد اجتماع الجمعية العامة غير العادية,تشابه منخفض — قد يكون ضجيج OCR شديدًا أو اختلافًا فعليًا. / low similarity — heavy OCR noise or a real difference.,مراجعة يدوية للنص الأصلي مقابل الصفحة الرسمية. / manual review of candidate text vs the official page.
P1,97,low_similarity_manual_review,substantive_difference,0.4792,445,444,e904a550be9d5dcebf1d99f626d7d540ea82eee98b78c8914eb00baed1e61fa8,6b36bfdbbcaa563aa36596a224dcfef152aaef063e7f09cbf91ca52d7ab567b9,False,محضر اجتماع الجمعية,تشابه منخفض — قد يكون ضجيج OCR شديدًا أو اختلافًا فعليًا. / low similarity — heavy OCR noise or a real difference.,مراجعة يدوية للنص الأصلي مقابل الصفحة الرسمية. / manual review of candidate text vs the official page.
P1,105,low_similarity_manual_review,substantive_difference,0.5676,480,493,b2f2871d4c2a682dd16b14f614124148eb8c624040adcf2526ea4f5a6cf1c58d,a941c97e32651549a1e582a945896bc3d5711de098a083844c22ee52d09d9ca6,False,إصدار أسهم الشركة,تشابه منخفض — قد يكون ضجيج OCR شديدًا أو اختلافًا فعليًا. / low similarity — heavy OCR noise or a real difference.,مراجعة يدوية للنص الأصلي مقابل الصفحة الرسمية. / manual review of candidate text vs the official page.
P1,110,low_similarity_manual_review,substantive_difference,0.115,848,854,9594a0357987bb60bd4e1b874492f7c9714732e0497a278391a57b3e8b433552,d63b75022c57d66d81bf55648a58291f7a8afcfb5f88e38879b72d547394057b,False,تعديل الحقوق أو الالتزامات المتصلة بالأسهم,تشابه منخفض — قد يكون ضجيج OCR شديدًا أو اختلافًا فعليًا. / low similarity — heavy OCR noise or a real difference.,مراجعة يدوية للنص الأصلي مقابل الصفحة الرسمية. / manual review of candidate text vs the official page.
P1,113,low_similarity_manual_review,substantive_difference,0.5389,492,493,050ebf8f90580fee667aea5e8fdd4dd894862adef821af26bdde0bd7ed4191b5,e68a2a79a7b61ebb7a96151178eb659fcd6aac8bb6d29c3bfef38428096d35cc,False,الإلزام ببيع الأسهم,تشابه منخفض — قد يكون ضجيج OCR شديدًا أو اختلافًا فعليًا. / low similarity — heavy OCR noise or a real difference.,مراجعة يدوية للنص الأصلي مقابل الصفحة الرسمية. / manual review of candidate text vs the official page.
P1,117,low_similarity_manual_review,substantive_difference,0.2249,842,819,2ee1eca347e1c7638590d9043af06cf5ad18620fa993e5cd7e3ec8c54e9dfd19,5233ddb558150c17acfc50fc33bcd1cb76f711ac80084338d3510242ce77fe57,False,إصدار أدوات الدين والصكوك التمويلية,تشابه منخفض — قد يكون ضجيج OCR شديدًا أو اختلافًا فعليًا. / low similarity — heavy OCR noise or a real difference.,مراجعة يدوية للنص الأصلي مقابل الصفحة الرسمية. / manual review of candidate text vs the official page.
P1,122,low_similarity_manual_review,substantive_difference,0.4739,319,324,93768a56e6c920f28c3a21131922ba2d44db84188ab892a3996f8f51d9ab57f1,da7d3e8425c25945f3fc94c5f1bb631b8df72ddfee1f8b7f8cc92142762f658c,False,تزويد المساهمين بالقوائم المالية وإيداعها,تشابه منخفض — قد يكون ضجيج OCR شديدًا أو اختلافًا فعليًا. / low similarity — heavy OCR noise or a real difference.,مراجعة يدوية للنص الأصلي مقابل الصفحة الرسمية. / manual review of candidate text vs the official page.
P1,123,low_similarity_manual_review,substantive_difference,0.1379,442,512,290bb6cfe3d3b95084ab37951de9aee21df0582317040416e5f8d5a625e2694a,b92e8db20ad537a24a80a9894299cebb89bb17c87b595eeec34a998c33464c2f,False,تكوين الاحتياطيات,تشابه منخفض — قد يكون ضجيج OCR شديدًا أو اختلافًا فعليًا. / low similarity — heavy OCR noise or a real difference.,مراجعة يدوية للنص الأصلي مقابل الصفحة الرسمية. / manual review of candidate text vs the official page.
P1,126,low_similarity_manual_review,substantive_difference,0.3539,783,852,b0395b6be6f02854c26c91fa4e934bd7f29248eae404bf741d2b533035dad704,e89193027e510526dc4cb8d8e4a451632eaa0b294be09a66e301ab6121d8b7de,False,طرق زيادة رأس المال,تشابه منخفض — قد يكون ضجيج OCR شديدًا أو اختلافًا فعليًا. / low similarity — heavy OCR noise or a real difference.,مراجعة يدوية للنص الأصلي مقابل الصفحة الرسمية. / manual review of candidate text vs the official page.
P1,127,low_similarity_manual_review,substantive_difference,0.5453,764,896,ba0928fda7ff41ae860baeb156a5c584b4bb47c82f3d59a0e5f031d42ee8677f,d7357a271e537ffef3d365eca815a15dc0658a7f8bacf8452df395f6b782c564,False,زيادة رأس المال المصدر أو المصرح به,تشابه منخفض — قد يكون ضجيج OCR شديدًا أو اختلافًا فعليًا. / low similarity — heavy OCR noise or a real difference.,مراجعة يدوية للنص الأصلي مقابل الصفحة الرسمية. / manual review of candidate text vs the official page.
P1,138,low_similarity_manual_review,substantive_difference,0.1883,1010,1132,0cab5fd6f3842f09125b3832443608fcb33af5b992bce0acafafa4a31f31a5a4,4b1c762b7825153ffbc424bbdc1ff60785f79d4e81cad02e577c2ea3151054c3,False,مفهوم شركة المساهمة المبسطة,تشابه منخفض — قد يكون ضجيج OCR شديدًا أو اختلافًا فعليًا. / low similarity — heavy OCR noise or a real difference.,مراجعة يدوية للنص الأصلي مقابل الصفحة الرسمية. / manual review of candidate text vs the official page.
P1,140,low_similarity_manual_review,substantive_difference,0.0459,1331,1381,c591631cf159d9edf6fa474d4f0a7fde8cbd9b87aa02238f023510ccdbbf88dd,49b6dedc442d164f1935d4e5afef6b23d2d6faa16da867175709be61f578b28a,False,بيانات نظام الشركة الأساس,تشابه منخفض — قد يكون ضجيج OCR شديدًا أو اختلافًا فعليًا. / low similarity — heavy OCR noise or a real difference.,مراجعة يدوية للنص الأصلي مقابل الصفحة الرسمية. / manual review of candidate text vs the official page.
P1,141,low_similarity_manual_review,substantive_difference,0.5413,1150,1309,e87a1913646a441ff6fa8ef25742c09d2d5384b5abcba0048da616f7c7026103,39c292bbbeef3fd4511724d5257777d4e76478170d4dbd953d542c8fb1bf0dd6,False,تقييم الحصص العينية,تشابه منخفض — قد يكون ضجيج OCR شديدًا أو اختلافًا فعليًا. / low similarity — heavy OCR noise or a real difference.,مراجعة يدوية للنص الأصلي مقابل الصفحة الرسمية. / manual review of candidate text vs the official page.
P1,146,low_similarity_manual_review,substantive_difference,0.5937,1378,1466,106b4914a72e97336a183f4a5ce36faf4f84d9734cb88f3c3c5b148dedd271fd,52a9a2b6f97e5848af48ba3edad330def1c3b3fc7734b67eae729ac4c69d5d86,False,الدعوة إلى اجتماع المساهمين,تشابه منخفض — قد يكون ضجيج OCR شديدًا أو اختلافًا فعليًا. / low similarity — heavy OCR noise or a real difference.,مراجعة يدوية للنص الأصلي مقابل الصفحة الرسمية. / manual review of candidate text vs the official page.
P1,147,low_similarity_manual_review,substantive_difference,0.0346,428,511,5b44edea3530005663481d08a26fc999889d91e594f2529576cc5d28222325ef,8a919f3c0120f1862b6aa6ce6a3a1cb803724887d41e62c832cc7947e4d1582a,False,القوائم المالية وتقرير عن نشاط الشركة,تشابه منخفض — قد يكون ضجيج OCR شديدًا أو اختلافًا فعليًا. / low similarity — heavy OCR noise or a real difference.,مراجعة يدوية للنص الأصلي مقابل الصفحة الرسمية. / manual review of candidate text vs the official page.
P1,149,low_similarity_manual_review,substantive_difference,0.4849,687,764,465337bb4c810186ed58f372173b6a8b4195ea0d9bd2bb844ed45d1987d8013a,66070d4579dcc5ca3c05dacc345eccc58c29a11fdfb2de72d23c4bf26348c216,False,إصدار القرار بالتمرير,تشابه منخفض — قد يكون ضجيج OCR شديدًا أو اختلافًا فعليًا. / low similarity — heavy OCR noise or a real difference.,مراجعة يدوية للنص الأصلي مقابل الصفحة الرسمية. / manual review of candidate text vs the official page.
P1,150,low_similarity_manual_review,substantive_difference,0.3427,289,287,8703813463b508e1ead1d805354876703869bcade441886399b12d0d11b7570c,c5f019519879be7e7d7f587ef4cec0cff9a586e9e94f20cc90439f10670330db,False,شركة المساهمة المبسطة من شخص واحد,تشابه منخفض — قد يكون ضجيج OCR شديدًا أو اختلافًا فعليًا. / low similarity — heavy OCR noise or a real difference.,مراجعة يدوية للنص الأصلي مقابل الصفحة الرسمية. / manual review of candidate text vs the official page.
P1,158,low_similarity_manual_review,substantive_difference,0.2651,910,964,aadbf798a468df421e7164e7a1bf88532a74f4c8e21e6894b535f366f2aec5da,a183257832b5238aa7300b4c3c47cdfb2847c6b05a9568a0dcc8425ddab43eca,False,بيانات عقد التأسيس,تشابه منخفض — قد يكون ضجيج OCR شديدًا أو اختلافًا فعليًا. / low similarity — heavy OCR noise or a real difference.,مراجعة يدوية للنص الأصلي مقابل الصفحة الرسمية. / manual review of candidate text vs the official page.
P1,166,low_similarity_manual_review,substantive_difference,0.459,1062,1226,2544b70779cac352fad492b17c722400a43f49781482f70bab35ec3f8f06fe3b,030c75e70ffe871b6c3d81d2a1f96c63762e43cf2e954796bff7c7a81cc2a6bb,False,إصدار قرارات الشركاء,تشابه منخفض — قد يكون ضجيج OCR شديدًا أو اختلافًا فعليًا. / low similarity — heavy OCR noise or a real difference.,مراجعة يدوية للنص الأصلي مقابل الصفحة الرسمية. / manual review of candidate text vs the official page.
P1,177,low_similarity_manual_review,substantive_difference,0.5509,404,405,8a80a933a823d9f1bd3335cf1b1f8878b81011c5395425db732e060462469bed,702349f994884991321e2373fbcecceba6f2b22bed30f2bb34d2a068b6d4d235,False,تكوين الاحتياطيات,تشابه منخفض — قد يكون ضجيج OCR شديدًا أو اختلافًا فعليًا. / low similarity — heavy OCR noise or a real difference.,مراجعة يدوية للنص الأصلي مقابل الصفحة الرسمية. / manual review of candidate text vs the official page.
P1,178,low_similarity_manual_review,substantive_difference,0.3422,1263,1416,60fd8b03539a23f1d03b22cf786fb15ea9118d28130d59eedcf5230b4cf66bfa,4e3e8d1b3f3ee19252b11fe2daa35c35a48b10fac3288d554d39722a8122e56f,False,التنازل عن الحصص,تشابه منخفض — قد يكون ضجيج OCR شديدًا أو اختلافًا فعليًا. / low similarity — heavy OCR noise or a real difference.,مراجعة يدوية للنص الأصلي مقابل الصفحة الرسمية. / manual review of candidate text vs the official page.
P1,181,low_similarity_manual_review,substantive_difference,0.4421,430,512,c1e73a9616917e13894d10a6654dd95d42432613d4a01f2536723930a26e2a81,2b19aec8ca0d47d921d41753802fe357282c51847995c983bb9aa3c25766df71,False,الإلزام ببيع الحصص,تشابه منخفض — قد يكون ضجيج OCR شديدًا أو اختلافًا فعليًا. / low similarity — heavy OCR noise or a real difference.,مراجعة يدوية للنص الأصلي مقابل الصفحة الرسمية. / manual review of candidate text vs the official page.
P1,183,low_similarity_manual_review,substantive_difference,0.3852,700,787,c19827c45cfdf413105a451296388240d305dea61dfb2c476ecdef321bdb9233,634b6c2af7817da6b8fe1333c8aa7405f75fb6db01cc1cb735ab1dbf25c096c8,False,مدّ أجل الشركة,تشابه منخفض — قد يكون ضجيج OCR شديدًا أو اختلافًا فعليًا. / low similarity — heavy OCR noise or a real difference.,مراجعة يدوية للنص الأصلي مقابل الصفحة الرسمية. / manual review of candidate text vs the official page.
P1,187,low_similarity_manual_review,substantive_difference,0.3771,211,210,bc09029b80f68f8e8faa9ae023a7c74b5b3fb415d4d11ee0a74384e2d5596945,3b7c521176548900bc2b01075407fe7133f481b1869c6a2bf72107146644e9ac,False,نفاذ قرار تعديل النظام الأساس للشركة غير الربحية العامة,تشابه منخفض — قد يكون ضجيج OCR شديدًا أو اختلافًا فعليًا. / low similarity — heavy OCR noise or a real difference.,مراجعة يدوية للنص الأصلي مقابل الصفحة الرسمية. / manual review of candidate text vs the official page.
P1,188,low_similarity_manual_review,substantive_difference,0.3243,1043,1189,ea9a9261db3a031a6acfd18443414baaac3aa54956262e99a230cf936e56056b,ca8e50326136219e38bf77b4116a2f7701bb88c13e62942b8b184c812363b6cd,False,العضوية في الشركة,تشابه منخفض — قد يكون ضجيج OCR شديدًا أو اختلافًا فعليًا. / low similarity — heavy OCR noise or a real difference.,مراجعة يدوية للنص الأصلي مقابل الصفحة الرسمية. / manual review of candidate text vs the official page.
P1,196,low_similarity_manual_review,substantive_difference,0.2394,245,274,ca268eb585eb62e531869cc72233260cdf502145528292ce68ae0eecf600f716,b2f65c3bc12930af615f2e81414e0afdfa99e4b26d9e5dfba3a05fbb32a1c01c,False,الإعفاءات,تشابه منخفض — قد يكون ضجيج OCR شديدًا أو اختلافًا فعليًا. / low similarity — heavy OCR noise or a real difference.,مراجعة يدوية للنص الأصلي مقابل الصفحة الرسمية. / manual review of candidate text vs the official page.
P1,206,low_similarity_manual_review,substantive_difference,0.36,432,446,a9c78465d3e755ac6bbb9eddce94896df3def61ee6e8a363b2c85d5080b4a117,1737099a91850f8e323f80d07e04351e75007ac83dfb00298cef9e42d0c66f66,False,ممارسة الشريك أو المساهم مهنته الحرة,تشابه منخفض — قد يكون ضجيج OCR شديدًا أو اختلافًا فعليًا. / low similarity — heavy OCR noise or a real difference.,مراجعة يدوية للنص الأصلي مقابل الصفحة الرسمية. / manual review of candidate text vs the official page.
P1,211,low_similarity_manual_review,substantive_difference,0.5341,1333,1419,ed2d831ab5691a0a0e7f0b13457a27a0d9e4c176e588ac660d91a2a643200c0e,cfd0c309ddbcaf671f01e2381dff25b85693b755f681fd13c5eee4deab08c12a,False,فقد ترخيص ممارسة المهنة الحرة,تشابه منخفض — قد يكون ضجيج OCR شديدًا أو اختلافًا فعليًا. / low similarity — heavy OCR noise or a real difference.,مراجعة يدوية للنص الأصلي مقابل الصفحة الرسمية. / manual review of candidate text vs the official page.
P1,212,low_similarity_manual_review,substantive_difference,0.4888,1107,1189,c7ff05ef571f6727e4a2d73b0446a31fd6c5f850476c9eebe53a1ef730272980,cec4fe01a3ade08f808dc5898fa58cffe293dee35fdd8638be4e5d8a2f70b9be,False,وفاة الشريك أو المساهم,تشابه منخفض — قد يكون ضجيج OCR شديدًا أو اختلافًا فعليًا. / low similarity — heavy OCR noise or a real difference.,مراجعة يدوية للنص الأصلي مقابل الصفحة الرسمية. / manual review of candidate text vs the official page.
P1,218,low_similarity_manual_review,substantive_difference,0.5917,753,818,93b025ae348407c7d110ba232bdfdcbce8a361b998d714dd11d62dbbc3948a9e,7fd97d7d11adb460fee12bc30cad0d3392195caca951e562d36a425d3addfa75,False,امتلاك الحصص أو الأسهم في الشركة القابضة,تشابه منخفض — قد يكون ضجيج OCR شديدًا أو اختلافًا فعليًا. / low similarity — heavy OCR noise or a real difference.,مراجعة يدوية للنص الأصلي مقابل الصفحة الرسمية. / manual review of candidate text vs the official page.
P1,221,low_similarity_manual_review,substantive_difference,0.1231,494,505,7c8a3ca0c530a1e124602399650d76d955fffef36d8cbfb7211b4ec67f914355,2c2471611ffd1cdc5bac31c0debf481865c61e0851d211b15155067e2d3d2670,False,تحول الشركة غير الربحية,تشابه منخفض — قد يكون ضجيج OCR شديدًا أو اختلافًا فعليًا. / low similarity — heavy OCR noise or a real difference.,مراجعة يدوية للنص الأصلي مقابل الصفحة الرسمية. / manual review of candidate text vs the official page.
P1,228,low_similarity_manual_review,substantive_difference,0.2076,203,284,27ce5d18d80b53f391829ca48fdfb7855595e866be4baad31c0536bbf98b70ad,75abf66ff0eaf2b30d6f0a62397311ca91fcfe2d516185a17334f0e2c9cf50be,False,نفاذ قرار الاندماج,تشابه منخفض — قد يكون ضجيج OCR شديدًا أو اختلافًا فعليًا. / low similarity — heavy OCR noise or a real difference.,مراجعة يدوية للنص الأصلي مقابل الصفحة الرسمية. / manual review of candidate text vs the official page.
P1,248,low_similarity_manual_review,substantive_difference,0.3277,1300,1394,6e3169afa91a412f580117907116d7a111af60e9a65af8e9fcbc305568230999,0b00eda4df8397c408cbfeead941302a039a91f414ff3b1e55539d71eee1d588,False,قرار تعيين المصفي,تشابه منخفض — قد يكون ضجيج OCR شديدًا أو اختلافًا فعليًا. / low similarity — heavy OCR noise or a real difference.,مراجعة يدوية للنص الأصلي مقابل الصفحة الرسمية. / manual review of candidate text vs the official page.
P1,260,low_similarity_manual_review,substantive_difference,0.335,1185,1297,a413cde596039c1b36299881997c664b6717bda2fbc75473d419878c5cd37a89,a071932a2dd1105f6497adbae5925ed8a3130030f526db284d31335b09eeb9c8,False,عقوبات الجرائم الجسيمة,تشابه منخفض — قد يكون ضجيج OCR شديدًا أو اختلافًا فعليًا. / low similarity — heavy OCR noise or a real difference.,مراجعة يدوية للنص الأصلي مقابل الصفحة الرسمية. / manual review of candidate text vs the official page.
P1,261,low_similarity_manual_review,substantive_difference,0.4376,2069,2120,e5723b6bc736cb866660267d1e062841c1ec08b1eef69cbab8ca7a63e5c972ec,2f754c327e41fbdd3a3a28102dfb1a2145741ecfe06b4ff15e8ac9e1876565ed,False,عقوبات الجرائم الأقل جسامة,تشابه منخفض — قد يكون ضجيج OCR شديدًا أو اختلافًا فعليًا. / low similarity — heavy OCR noise or a real difference.,مراجعة يدوية للنص الأصلي مقابل الصفحة الرسمية. / manual review of candidate text vs the official page.
P1,262,low_similarity_manual_review,substantive_difference,0.337,2968,3087,5d343a7c976430a754efdbcd48d4f2652a8f09de9bc98c9ae6d654dbedbba208,af38494f4321384d4cd7add33c961408b51bb8b5225466ddf3888f988eb64459,False,عقوبات المخالفات,تشابه منخفض — قد يكون ضجيج OCR شديدًا أو اختلافًا فعليًا. / low similarity — heavy OCR noise or a real difference.,مراجعة يدوية للنص الأصلي مقابل الصفحة الرسمية. / manual review of candidate text vs the official page.
P1,264,low_similarity_manual_review,substantive_difference,0.4725,669,725,55a54c903b7d0f5b9de32b577d994fa34a952b1160ca4b18eff0a71b43d1a478,3b5cfcc59334a7200f61a8eec748ed44f30e992cb9a7968cca429eb79edbcdd2,False,الجزاءات البديلة,تشابه منخفض — قد يكون ضجيج OCR شديدًا أو اختلافًا فعليًا. / low similarity — heavy OCR noise or a real difference.,مراجعة يدوية للنص الأصلي مقابل الصفحة الرسمية. / manual review of candidate text vs the official page.
P1,273,low_similarity_manual_review,substantive_difference,0.5408,64,178,b72bd34065f7532d7e1c56f4d7147fb87c21c8a591ae0d85199f64618c9c094d,b44e737a509ce9a33de1b04eb91073a3b36c215ac5467ccac67a14dd6f735602,False,الحصص والأسهم المملوكة لوقف,تشابه منخفض — قد يكون ضجيج OCR شديدًا أو اختلافًا فعليًا. / low similarity — heavy OCR noise or a real difference.,مراجعة يدوية للنص الأصلي مقابل الصفحة الرسمية. / manual review of candidate text vs the official page.
P1,277,low_similarity_manual_review,substantive_difference,0.1219,798,804,4515d0393b094479a811d210439f73613016325a3a772094aec0e7dc09f7f70f,1817a4cae4a2c8fee5b6010999e88f19faa49532b11a3d0cd107b6c56b23cc70,False,إصدار اللوائح,تشابه منخفض — قد يكون ضجيج OCR شديدًا أو اختلافًا فعليًا. / low similarity — heavy OCR noise or a real difference.,مراجعة يدوية للنص الأصلي مقابل الصفحة الرسمية. / manual review of candidate text vs the official page.
P2,2,possible_substantive_difference_manual_review,substantive_difference,0.7443,389,539,df97175196a9240cb35c886d82a285b2b47b632150a688f69c8961fc98a38f42,3b63f87e53c9281b4e3bb2cdd92169bc3c64d4630c8453c9ecec55d3ec21eb8f,False,تعريف الشركة,قد يكون اختلافًا جوهريًا — مراجعة يدوية مطلوبة. / possible substantive difference — manual review.,مراجعة يدوية دقيقة لتحديد ما إذا كان الاختلاف حقيقيًا. / careful manual review to decide if the difference is real.
P2,8,possible_substantive_difference_manual_review,substantive_difference,0.6876,998,1011,71febfa1b2170fe8da478950140a959e78cf168137829575ec4a8bf39850fef5,1479fba31a49f99775cbce9bd3ee1199480e8449bb3fbee42767bb50fa18c8c0,False,قيد وثائق تأسيس الشركة,قد يكون اختلافًا جوهريًا — مراجعة يدوية مطلوبة. / possible substantive difference — manual review.,مراجعة يدوية دقيقة لتحديد ما إذا كان الاختلاف حقيقيًا. / careful manual review to decide if the difference is real.
P2,27,possible_substantive_difference_manual_review,substantive_difference,0.7033,1356,1499,bcfcb9d308c4d5b842f8cb2ecee3193d452d0bc289a3cae620599eebac4eef5e,20f469b6eeaf963acdf5048de03a6cd7ddb695cd16382fdaabcdc86854f4d040,False,تعارض المصالح والمنافسة واستغلال الأصول,قد يكون اختلافًا جوهريًا — مراجعة يدوية مطلوبة. / possible substantive difference — manual review.,مراجعة يدوية دقيقة لتحديد ما إذا كان الاختلاف حقيقيًا. / careful manual review to decide if the difference is real.
P2,31,possible_substantive_difference_manual_review,substantive_difference,0.7277,421,415,28195e8f7912becc07f73f1ef14f6752fca977ef0193c348b71984c7652af5b9,10bbe1ef31317d1289cf65f3ed11ce5adc7b6a861a0b4fde09745f39f25f00c5,False,قاعدة تقييم القرارات,قد يكون اختلافًا جوهريًا — مراجعة يدوية مطلوبة. / possible substantive difference — manual review.,مراجعة يدوية دقيقة لتحديد ما إذا كان الاختلاف حقيقيًا. / careful manual review to decide if the difference is real.
P2,36,possible_substantive_difference_manual_review,substantive_difference,0.7682,576,643,8fe533336227d099712963fe7cb6c1a822c8ca2b3f742f785d4dbc2d2540cfce,70e4f97af359ed50ae725af433398bf84769efc1065415480d5683b3cca6ac36,False,بيانات عقد التأسيس,قد يكون اختلافًا جوهريًا — مراجعة يدوية مطلوبة. / possible substantive difference — manual review.,مراجعة يدوية دقيقة لتحديد ما إذا كان الاختلاف حقيقيًا. / careful manual review to decide if the difference is real.
P2,47,possible_substantive_difference_manual_review,substantive_difference,0.6734,448,454,f5b99751777ec498c1af62446f111f203bac0b0a17ac54529fc4640554f72a5f,7a41d9f1ffa889144d8e1e14f23946bbfc33b6fb8afb375765ad75c593da7753,False,نصيب الشريك في الأرباح والخسائر,قد يكون اختلافًا جوهريًا — مراجعة يدوية مطلوبة. / possible substantive difference — manual review.,مراجعة يدوية دقيقة لتحديد ما إذا كان الاختلاف حقيقيًا. / careful manual review to decide if the difference is real.
P2,50,possible_substantive_difference_manual_review,substantive_difference,0.6748,1436,1575,8f24b125c79fbe6e3278fb776e797899980ab80ce950c86224859b42a0b44c03,196ba7dc01a32576bced05f0d0fe3445efaa7794e122bf6dc55b2fcf1f7b94ac,False,حالات الانقضاء,قد يكون اختلافًا جوهريًا — مراجعة يدوية مطلوبة. / possible substantive difference — manual review.,مراجعة يدوية دقيقة لتحديد ما إذا كان الاختلاف حقيقيًا. / careful manual review to decide if the difference is real.
P2,52,possible_substantive_difference_manual_review,substantive_difference,0.7585,584,695,5665ccee6287e5b0df0a3471d56581e467d940b8e620b0edeeb7bdbe68fe2056,39fbc20558c09a6b7b055695de4925cf5800dbe149cdc079654a94779e5dc7b7,False,بيانات عقد التأسيس,قد يكون اختلافًا جوهريًا — مراجعة يدوية مطلوبة. / possible substantive difference — manual review.,مراجعة يدوية دقيقة لتحديد ما إذا كان الاختلاف حقيقيًا. / careful manual review to decide if the difference is real.
P2,57,possible_substantive_difference_manual_review,substantive_difference,0.7455,199,251,066b3728dc1a911b17e250878df667a188323ce53aca71ec2a4ecfc65468a47d,766b668ed2d0993e43a89c38f08467838bad946a4bec2c0c6079ec478a66c23a,False,حالات الانقضاء,قد يكون اختلافًا جوهريًا — مراجعة يدوية مطلوبة. / possible substantive difference — manual review.,مراجعة يدوية دقيقة لتحديد ما إذا كان الاختلاف حقيقيًا. / careful manual review to decide if the difference is real.
P2,72,possible_substantive_difference_manual_review,substantive_difference,0.644,871,975,52c479d36bc3fbb41b0d7e7a780f42ae5f68e1b6ad0791221e7ea2459e9c8d00,1cc36886679f0b0312fda06eb6cc412283dd524c59ddac6f9cf425e5feafb523,False,تقديم القروض,قد يكون اختلافًا جوهريًا — مراجعة يدوية مطلوبة. / possible substantive difference — manual review.,مراجعة يدوية دقيقة لتحديد ما إذا كان الاختلاف حقيقيًا. / careful manual review to decide if the difference is real.
P2,74,possible_substantive_difference_manual_review,substantive_difference,0.767,245,244,03d6fb3825d8a4ba5206c4dad8b45acad357618ba693d0c2ef4c50975a933813,cccd5fafdfc86ad6a5d7043ce61c1da8012a19ed8ec61b0710400641c72f1af5,False,عقد القروض والتصرف في أصول الشركة,قد يكون اختلافًا جوهريًا — مراجعة يدوية مطلوبة. / possible substantive difference — manual review.,مراجعة يدوية دقيقة لتحديد ما إذا كان الاختلاف حقيقيًا. / careful manual review to decide if the difference is real.
P2,77,possible_substantive_difference_manual_review,substantive_difference,0.7471,515,634,2c8261de3ecbfc105059241dc97d49be3950afcff99650a638c82e8a8e522003,71d092aff7c112493ac6292f3cb06fde91b664d9da69df692907fef98e9d2ae6,False,صلاحيات مجلس الإدارة,قد يكون اختلافًا جوهريًا — مراجعة يدوية مطلوبة. / possible substantive difference — manual review.,مراجعة يدوية دقيقة لتحديد ما إذا كان الاختلاف حقيقيًا. / careful manual review to decide if the difference is real.
P2,85,possible_substantive_difference_manual_review,substantive_difference,0.6824,928,1008,447989a771a1e0c824dfea173991028f2a40b288c935a1346c9fe94f43fa3723,b2ef4c7921b10c0b43e22103d8102694dd1a5dea497b675734cd0e4b6b763a18,False,اختصاصات الجمعية العامة غير العادية,قد يكون اختلافًا جوهريًا — مراجعة يدوية مطلوبة. / possible substantive difference — manual review.,مراجعة يدوية دقيقة لتحديد ما إذا كان الاختلاف حقيقيًا. / careful manual review to decide if the difference is real.
P2,90,possible_substantive_difference_manual_review,substantive_difference,0.7428,1330,1340,7ae78c5c362bb674893da4e80ea5c2a79b75bd7db88734954410936bf5026204,e194568c23b4fa80914dbb95f9d866c6a0d0b6a0c82878d4d9470ab5299fe8c8,False,الجمعيات العامة والخاصة,قد يكون اختلافًا جوهريًا — مراجعة يدوية مطلوبة. / possible substantive difference — manual review.,مراجعة يدوية دقيقة لتحديد ما إذا كان الاختلاف حقيقيًا. / careful manual review to decide if the difference is real.
P2,96,possible_substantive_difference_manual_review,substantive_difference,0.7821,981,1079,49e18808ef82255b4ce742b2fdcf7f18e1fbed9b246ce000e87851d93f815007,eb9d28f101e330d621cdaf1d01607f3909fbe2cf62e9d9ba7b5d82a798046981,False,جدول أعمال الجمعية العامة,قد يكون اختلافًا جوهريًا — مراجعة يدوية مطلوبة. / possible substantive difference — manual review.,مراجعة يدوية دقيقة لتحديد ما إذا كان الاختلاف حقيقيًا. / careful manual review to decide if the difference is real.
P2,99,possible_substantive_difference_manual_review,substantive_difference,0.6969,427,536,1570edad29e7c6ef84dd039178ae83a884161cbe635cd621b31e8c0f8eb75fd8,d255d29a584b994b10757175d0eb44467d4ab556dbe8e7820b6b3a6a97594065,False,الاعتراض على قرار جمعية المساهمين,قد يكون اختلافًا جوهريًا — مراجعة يدوية مطلوبة. / possible substantive difference — manual review.,مراجعة يدوية دقيقة لتحديد ما إذا كان الاختلاف حقيقيًا. / careful manual review to decide if the difference is real.
P2,101,possible_substantive_difference_manual_review,substantive_difference,0.7402,641,758,512422f2178e0815ad26d02366b5f4dbb031eb24ecafc94818f5272d4a90a203,22116470b1f6f347de71f2cd8c7e0414ef89b7c3a335ca5f2d6495cdbcc056be,False,النصاب اللازم لإصدار القرار بالتمرير,قد يكون اختلافًا جوهريًا — مراجعة يدوية مطلوبة. / possible substantive difference — manual review.,مراجعة يدوية دقيقة لتحديد ما إذا كان الاختلاف حقيقيًا. / careful manual review to decide if the difference is real.
P2,120,possible_substantive_difference_manual_review,substantive_difference,0.7684,222,318,ff6ef9112508e5a4440821336bb6b5651070b5b3557187ca7a477f0ae725ab65,e2c4334bd642d48df255723bee28f86f9aa6a89f098530a66115b96ab7d65d7a,False,سريان قرارات جمعيات المساهمين,قد يكون اختلافًا جوهريًا — مراجعة يدوية مطلوبة. / possible substantive difference — manual review.,مراجعة يدوية دقيقة لتحديد ما إذا كان الاختلاف حقيقيًا. / careful manual review to decide if the difference is real.
P2,124,possible_substantive_difference_manual_review,substantive_difference,0.6534,502,511,3c300991efd6f98939f683f6acb35e25584d50e85c585f6c1c23a1ba34270ac7,c2da14cf285c21fa34586fd7db8928b7e456201de44a7987249bcae1807d7796,False,استخدام الاحتياطيات,قد يكون اختلافًا جوهريًا — مراجعة يدوية مطلوبة. / possible substantive difference — manual review.,مراجعة يدوية دقيقة لتحديد ما إذا كان الاختلاف حقيقيًا. / careful manual review to decide if the difference is real.
P2,129,possible_substantive_difference_manual_review,substantive_difference,0.6161,224,224,ea0d77c7711a6f4f79888c1f438cf02ce503bf53e7f6de79923ddef3e0f53b64,7c56815e4767f79201de8acc21030bafc426237f6c110ced7ee79c9bf4a1cf3f,False,وقف العمل بحق الأولوية,قد يكون اختلافًا جوهريًا — مراجعة يدوية مطلوبة. / possible substantive difference — manual review.,مراجعة يدوية دقيقة لتحديد ما إذا كان الاختلاف حقيقيًا. / careful manual review to decide if the difference is real.
P2,132,possible_substantive_difference_manual_review,substantive_difference,0.6293,363,394,04dcf0022d6c52a72a5e065a5a46dce68b9e6ea7762915ab4d263ba2a19dad98,d7f09acc0eb01cf0e9481b5d63e47709a960d8ed97cf5e656bd61a5136b93f60,False,خسائر الشركة,قد يكون اختلافًا جوهريًا — مراجعة يدوية مطلوبة. / possible substantive difference — manual review.,مراجعة يدوية دقيقة لتحديد ما إذا كان الاختلاف حقيقيًا. / careful manual review to decide if the difference is real.
P2,142,possible_substantive_difference_manual_review,substantive_difference,0.6756,1139,1287,802b42e46f98489db29cc7d8fef7af04b54c5e464e389c2b562faf9279e9542a,b7ff2e9504877e37176c8c6b2e195a0b874bc0122216dffd8f695e2c2c997a02,False,طريقة إدارة الشركة,قد يكون اختلافًا جوهريًا — مراجعة يدوية مطلوبة. / possible substantive difference — manual review.,مراجعة يدوية دقيقة لتحديد ما إذا كان الاختلاف حقيقيًا. / careful manual review to decide if the difference is real.
P2,152,possible_substantive_difference_manual_review,substantive_difference,0.6873,292,292,97fe8c56be0fecd3fb25a41da49012e549add6b80db20a5c82f94bac5d26d9d6,a575e7c829ed483033362fee7c56e1d292bee891cbc1d317401f02ece708a429,False,الإلزام بالتنازل عن الأسهم,قد يكون اختلافًا جوهريًا — مراجعة يدوية مطلوبة. / possible substantive difference — manual review.,مراجعة يدوية دقيقة لتحديد ما إذا كان الاختلاف حقيقيًا. / careful manual review to decide if the difference is real.
P2,155,possible_substantive_difference_manual_review,substantive_difference,0.6222,56,125,bf9111646e1b3fce9375bc9e271e91242e670edbda16bd0ecc4e75350c44708a,b8be6fbb68bc3d121a5d28429ef4ad8a2a94cc2d80f6d0263132330653d628bc,False,تنفيذ أحكام هذا الباب,قد يكون اختلافًا جوهريًا — مراجعة يدوية مطلوبة. / possible substantive difference — manual review.,مراجعة يدوية دقيقة لتحديد ما إذا كان الاختلاف حقيقيًا. / careful manual review to decide if the difference is real.
P2,159,possible_substantive_difference_manual_review,substantive_difference,0.7937,101,151,b0c2c7694079b697e33b59b8997792de2cb8de5f8261d9c17ea285458635f292,15da97f48038bba45ffc3ffb21987bac65c7523c9ddd6b263b288ccd4ed8fb0f,False,تقييم الحصص العينية,قد يكون اختلافًا جوهريًا — مراجعة يدوية مطلوبة. / possible substantive difference — manual review.,مراجعة يدوية دقيقة لتحديد ما إذا كان الاختلاف حقيقيًا. / careful manual review to decide if the difference is real.
P2,170,possible_substantive_difference_manual_review,substantive_difference,0.766,613,623,21b4d4204dc90b86c6faecb13c628ef39a2e02b7fc0531d5f4703209c6302811,fd78737a53508c2b080b88bb5c56702e673a250e7317a1e1cb4d532584fcd024,False,الاعتراض على قرار الجمعية العامة,قد يكون اختلافًا جوهريًا — مراجعة يدوية مطلوبة. / possible substantive difference — manual review.,مراجعة يدوية دقيقة لتحديد ما إذا كان الاختلاف حقيقيًا. / careful manual review to decide if the difference is real.
P2,175,possible_substantive_difference_manual_review,substantive_difference,0.7493,342,357,796c4645f49ead83499d7e258b5024da647364517dd349b922d3d8fdb757e24a,9981fb54ac54489489320310cd23f9aee7f71ab129f1df676adcc630aca0dd07,False,توزيع الأرباح على الشركاء,قد يكون اختلافًا جوهريًا — مراجعة يدوية مطلوبة. / possible substantive difference — manual review.,مراجعة يدوية دقيقة لتحديد ما إذا كان الاختلاف حقيقيًا. / careful manual review to decide if the difference is real.
P2,184,possible_substantive_difference_manual_review,substantive_difference,0.6197,198,232,416b87bfe0ccebd0658d2876873fa0b6cd567f72571ee2ccb9b8ef1e9e39694e,3d25750eb51cc7b2890fba08d1a119d4a7d9e45156782e59ef5770ff42a7298b,False,حالات الانقضاء,قد يكون اختلافًا جوهريًا — مراجعة يدوية مطلوبة. / possible substantive difference — manual review.,مراجعة يدوية دقيقة لتحديد ما إذا كان الاختلاف حقيقيًا. / careful manual review to decide if the difference is real.
P2,186,possible_substantive_difference_manual_review,substantive_difference,0.6558,454,472,a3369bc91da3da4067342f692aa93f67d3947caa9e41ebe1589e5d9e3f23cee1,7d665f768e1ba488a6c4a0226058a7f5505c5ee20ee0f5aa0e7f341283bca3aa,False,مصارف الشركة غير الربحية ومجالاتها,قد يكون اختلافًا جوهريًا — مراجعة يدوية مطلوبة. / possible substantive difference — manual review.,مراجعة يدوية دقيقة لتحديد ما إذا كان الاختلاف حقيقيًا. / careful manual review to decide if the difference is real.
P2,192,possible_substantive_difference_manual_review,substantive_difference,0.643,267,428,d56b788ea3855da0a03b6af7c7ef8b8d264881345d471a3b57404d2bd78146a0,37dd1f7a264548a602ad15ee1e304d8cbd572a41e19a9b2a5f5164e07b9f280c,False,سجل الشركة وتزويد السجل التجاري بالبيانات,قد يكون اختلافًا جوهريًا — مراجعة يدوية مطلوبة. / possible substantive difference — manual review.,مراجعة يدوية دقيقة لتحديد ما إذا كان الاختلاف حقيقيًا. / careful manual review to decide if the difference is real.
P2,199,possible_substantive_difference_manual_review,substantive_difference,0.7862,252,311,359d5d3606129ae5b76d5d72376835346dcbf817d3f4be98c856d195565a6dd7,ef6f508a1b82999dc1d3f4122fcc847a008a61ddf94ea3d8c29d0ffc33df8480,False,سريان الأحكام الخاصة بشكل الشركة,قد يكون اختلافًا جوهريًا — مراجعة يدوية مطلوبة. / possible substantive difference — manual review.,مراجعة يدوية دقيقة لتحديد ما إذا كان الاختلاف حقيقيًا. / careful manual review to decide if the difference is real.
P2,213,possible_substantive_difference_manual_review,substantive_difference,0.7599,807,816,3576cf326a5523eda68f850a22130feaa8335c6fe66e7a7a7fc420caf8732be6,f41ec1de1fb51803b70c626262879025047591939864df2ac63f62cbdbfaff7e,False,انتقال الحصص أو الأسهم إلى الورثة,قد يكون اختلافًا جوهريًا — مراجعة يدوية مطلوبة. / possible substantive difference — manual review.,مراجعة يدوية دقيقة لتحديد ما إذا كان الاختلاف حقيقيًا. / careful manual review to decide if the difference is real.
P2,215,possible_substantive_difference_manual_review,substantive_difference,0.679,184,371,0c7bf43aa9b8ece51d5fb3e75db9fdd50f32e2e5ff0fe27d501b44ff24d2e4de,4b6aaecc449385aacc5c6adf751bd76bcaba258aa6eb01810a6f7f64c513f013,False,تحويل الشركة المهنية,قد يكون اختلافًا جوهريًا — مراجعة يدوية مطلوبة. / possible substantive difference — manual review.,مراجعة يدوية دقيقة لتحديد ما إذا كان الاختلاف حقيقيًا. / careful manual review to decide if the difference is real.
P2,219,possible_substantive_difference_manual_review,substantive_difference,0.6087,56,129,bf9111646e1b3fce9375bc9e271e91242e670edbda16bd0ecc4e75350c44708a,1a6c68af2ae42fec7bee20af6b8ed46a53436af024f3c1d2e3f6307baeeb248b,False,تنفيذ أحكام هذا الباب,قد يكون اختلافًا جوهريًا — مراجعة يدوية مطلوبة. / possible substantive difference — manual review.,مراجعة يدوية دقيقة لتحديد ما إذا كان الاختلاف حقيقيًا. / careful manual review to decide if the difference is real.
P2,220,possible_substantive_difference_manual_review,substantive_difference,0.6752,987,1078,eca04a27af5f5a3ee8c2737c200d1529a2f475c7327bc5497f758e077647ddab,f7f4c6f0729f026650e2f627bda300b5d29c8e0b6cbc993ac4e55e27216e3855,False,تحول الشركة إلى شكل آخر,قد يكون اختلافًا جوهريًا — مراجعة يدوية مطلوبة. / possible substantive difference — manual review.,مراجعة يدوية دقيقة لتحديد ما إذا كان الاختلاف حقيقيًا. / careful manual review to decide if the difference is real.
P2,222,possible_substantive_difference_manual_review,substantive_difference,0.7391,511,515,1ef1e0dce039b4f1f16899f92a8603477e7831d3301488eaf013c909d4a4e725,cb4792aa8916b9fb501c8386a6811c8817503964f27846d94700d100fb9ee1cc,False,الاعتراض على قرار التحول,قد يكون اختلافًا جوهريًا — مراجعة يدوية مطلوبة. / possible substantive difference — manual review.,مراجعة يدوية دقيقة لتحديد ما إذا كان الاختلاف حقيقيًا. / careful manual review to decide if the difference is real.
P2,230,possible_substantive_difference_manual_review,substantive_difference,0.7153,1696,1818,7afdeb064f3a96144ce15458a5e371e1725454d632349fd82857eaaf8952b9b3,09e65bb00663d1688e25f9953fae475a79604be644bd8cec93c015c43f20a670,False,الإلزام بشراء الأسهم وبيعها,قد يكون اختلافًا جوهريًا — مراجعة يدوية مطلوبة. / possible substantive difference — manual review.,مراجعة يدوية دقيقة لتحديد ما إذا كان الاختلاف حقيقيًا. / careful manual review to decide if the difference is real.
P2,256,possible_substantive_difference_manual_review,substantive_difference,0.7631,704,713,5d3d5e31b6a25cd61a98e0aff083d8277869ad85fe72426459b3c3beaf870c1f,07d2f8951cda4610ad1b5409031585979150fa8f3fbbcb5b63f6159061cface7,False,التصرف في أموال الشركة غير الربحية,قد يكون اختلافًا جوهريًا — مراجعة يدوية مطلوبة. / possible substantive difference — manual review.,مراجعة يدوية دقيقة لتحديد ما إذا كان الاختلاف حقيقيًا. / careful manual review to decide if the difference is real.
P2,257,possible_substantive_difference_manual_review,substantive_difference,0.7465,292,298,e217fea0baa6ce89235fe0222e40a43b3b8cd3ad7bd57cc0a275dd2c089fef00,30a7bf6506e0369ce0405c409d946634542d5cc6906f3e8c08a0e5da955e5883,False,انتهاء التصفية,قد يكون اختلافًا جوهريًا — مراجعة يدوية مطلوبة. / possible substantive difference — manual review.,مراجعة يدوية دقيقة لتحديد ما إذا كان الاختلاف حقيقيًا. / careful manual review to decide if the difference is real.
P2,266,possible_substantive_difference_manual_review,substantive_difference,0.7896,639,648,777e134bf2b2260a2fe940deab8f692088be96d8366671b1f61866726542efcd,92280939b64a35601d3d78b49648bb7caf401d1942d268d1f516bee41f8ec62e,False,الجهة القضائية المختصة,قد يكون اختلافًا جوهريًا — مراجعة يدوية مطلوبة. / possible substantive difference — manual review.,مراجعة يدوية دقيقة لتحديد ما إذا كان الاختلاف حقيقيًا. / careful manual review to decide if the difference is real.
P2,276,possible_substantive_difference_manual_review,substantive_difference,0.791,163,243,bc9246afae1f2c7b0ab40d0c96859b1d9b139e91357f3dd02bff1296a0b260f8,8a629095def0cf7d5c0724fe7aaadefcdb620bdfc290d79f4e6034c4f3c31b8a,False,الإبلاغ عن المخالفات,قد يكون اختلافًا جوهريًا — مراجعة يدوية مطلوبة. / possible substantive difference — manual review.,مراجعة يدوية دقيقة لتحديد ما إذا كان الاختلاف حقيقيًا. / careful manual review to decide if the difference is real.
P3,5,likely_ocr_noise_medium_similarity,substantive_difference,0.8666,735,807,39d45e7d2e1b75618952e03edfc26e1f67d7ef995a9dc0f988ee0163caf8f186,e5b722f3835d152aade617fd4f2a5c3598acc98e35be508650ee73450f77e373,False,اسم الشركة,على الأرجح ضجيج OCR (تشابه متوسط). / likely OCR noise (medium similarity).,فحص عيّني. / spot-check.
P3,7,likely_ocr_noise_medium_similarity,substantive_difference,0.9023,496,596,0e2965ba7b8b0c8873dc3fba71209c790af137c6a3d73a7124982a953759a315,09578d0ea65b48c8943316cb6e4762e1f346bdfd15b8b072429eceafab3d7219,False,وثائق تأسيس الشركة,على الأرجح ضجيج OCR (تشابه متوسط). / likely OCR noise (medium similarity).,فحص عيّني. / spot-check.
P3,9,likely_ocr_noise_medium_similarity,substantive_difference,0.8177,571,689,059563a9f6f2bd7d4d2a4647956544d2ac8625ac8a33b2dd4fa038af8244dfb1,25b61e3c192d64fe39d4a69cb22c2575b2216e68a5e2bdba0e6b9447f0ce0552,False,اكتساب الشخصية الاعتبارية,على الأرجح ضجيج OCR (تشابه متوسط). / likely OCR noise (medium similarity).,فحص عيّني. / spot-check.
P3,11,likely_ocr_noise_medium_similarity,substantive_difference,0.9336,604,609,bd8af4c827ae01698979742f07ce01d1736a547f19632bc8208215b6f30eb9a5,5405b11d54f2be5e7fbe716299ac227ef5505a78f122577ffad95192f23a0f03,False,اتفاق الشركاء والميثاق العائلي,على الأرجح ضجيج OCR (تشابه متوسط). / likely OCR noise (medium similarity).,فحص عيّني. / spot-check.
P3,14,likely_ocr_noise_medium_similarity,substantive_difference,0.8658,573,662,69dd0534d397873225211d6d7c0e2913f82464c7da3f0c8b7a5b2ba71615b538,5607df26b8c9d914ca709e88779a95dc33dbda6df4142cc2b6abc42c0dec623a,False,تقديم الحصة,على الأرجح ضجيج OCR (تشابه متوسط). / likely OCR noise (medium similarity).,فحص عيّني. / spot-check.
P3,15,likely_ocr_noise_medium_similarity,substantive_difference,0.905,365,398,29cd3d81a7397049bbf5324068ddb02c8d3308c3eaf03908d2e4513b9e8a6cfd,bffbbaf5e750fed731b883810424b343d400e524998bae4f31b2ca546ecea006,False,التأخر في تقديم الحصة,على الأرجح ضجيج OCR (تشابه متوسط). / likely OCR noise (medium similarity).,فحص عيّني. / spot-check.
P3,17,likely_ocr_noise_medium_similarity,substantive_difference,0.9447,864,939,bcf44f28a55ca7908c720e2db8ccd6674f0a2af7fe7f74d728ac011f42b18b95,e18661fdd5f0de817a3ae232444fa046a0c9d7ecc811a4a68f49a00cfde0f9fb,False,السجلات المحاسبية والقوائم المالية,على الأرجح ضجيج OCR (تشابه متوسط). / likely OCR noise (medium similarity).,فحص عيّني. / spot-check.
P3,20,likely_ocr_noise_medium_similarity,substantive_difference,0.8397,2234,2384,efd8fb1a880de178d85516e72e00cd2c8209ffe8e32b0d1865f28421c4d3195b,4d3b0b5902fd109e12a3204e5a8fd202a18b3af04faa9b24215195f99301346f,False,التزامات مراجع حسابات الشركة,على الأرجح ضجيج OCR (تشابه متوسط). / likely OCR noise (medium similarity).,فحص عيّني. / spot-check.
P3,24,likely_ocr_noise_medium_similarity,substantive_difference,0.8709,293,291,b1b935240699528ad331bad0f6d2ab8025617c02192615196661c9686657bf4b,78335b33c4c51948c5204e60f18b04e75e541e7cce8a551a64af6a8f760c4a07,False,نصيب الشريك بالعمل في الربح والخسارة,على الأرجح ضجيج OCR (تشابه متوسط). / likely OCR noise (medium similarity).,فحص عيّني. / spot-check.
P3,25,likely_ocr_noise_medium_similarity,substantive_difference,0.9299,532,610,2e329965a48e1be878d37a571d6976e8ca4ba39f4ad0ddf3b77a04a3b993d124,c6c3bb2903d3bf0137a63faebe14a932b17805914b730174517b72f81899655a,False,انتقال ملكية الحصص وتداول الأسهم,على الأرجح ضجيج OCR (تشابه متوسط). / likely OCR noise (medium similarity).,فحص عيّني. / spot-check.
P3,26,likely_ocr_noise_medium_similarity,substantive_difference,0.9269,537,519,6177f93efb7bcd8a251192c1a3eee630380e39dacb7ce0027de9440c1b7f9b45,0255003fad139cafdb36fbc74001cebf589536f5d304f0a7777ba3559d73871d,False,واجبات العناية والولاء,على الأرجح ضجيج OCR (تشابه متوسط). / likely OCR noise (medium similarity).,فحص عيّني. / spot-check.
P3,28,likely_ocr_noise_medium_similarity,substantive_difference,0.9452,833,905,2021448904f9ae5b33bc58e33e8a2bdec0033dbd5f763b556c4238aa113916c0,4d9c227390c28def0a2dccf75c9c6fbe1c58cfc785f94e4fb7bd8322c673848e,False,مسؤولية الإدارة,على الأرجح ضجيج OCR (تشابه متوسط). / likely OCR noise (medium similarity).,فحص عيّني. / spot-check.
P3,30,likely_ocr_noise_medium_similarity,substantive_difference,0.908,401,481,dc52162f629c469ef84b173e78c20c69028273a8a1a1873883b247a7fc4551c7,918eeef487df2f43f2ed31122f1eb5daa48b01fafed042db8c8185a7326fb9fd,False,عدم سماع الدعوى,على الأرجح ضجيج OCR (تشابه متوسط). / likely OCR noise (medium similarity).,فحص عيّني. / spot-check.
P3,33,likely_ocr_noise_medium_similarity,substantive_difference,0.8748,224,282,fcdc53bca24f786bd7b588fb4385e5bc955f1043c14db9326729075bbcb6627a,343c82559f9cbec7988c6dedcd2e8f9b2ba38747c9f61b9cdf356bcebdd15d05,False,التنفيذ على أرباح الشريك أو المساهم,على الأرجح ضجيج OCR (تشابه متوسط). / likely OCR noise (medium similarity).,فحص عيّني. / spot-check.
P3,34,likely_ocr_noise_medium_similarity,substantive_difference,0.9192,612,656,43b6d886ffadb49f56c4bfe81e019e69621460dfbd65fe6c3442be779e06146d,800a1228688a123c6bdfa3d819cdce11d678fa33bd34f3390d672fa9dcc7723b,False,التنفيذ على الحصص والأسهم,على الأرجح ضجيج OCR (تشابه متوسط). / likely OCR noise (medium similarity).,فحص عيّني. / spot-check.
P3,35,likely_ocr_noise_medium_similarity,substantive_difference,0.9051,191,223,be1887f995ac42f7a418eefad3cc30d21d1ff608d355f152da4c8f81f3e99cca,4d5416605d47ac768cd98064997c467cc627b5b17184ceda158982ec671604d2,False,تعريف شركة التضامن,على الأرجح ضجيج OCR (تشابه متوسط). / likely OCR noise (medium similarity).,فحص عيّني. / spot-check.
P3,37,likely_ocr_noise_medium_similarity,substantive_difference,0.8696,895,985,0ec87a73e3ea2451dee22f32124a161a334e16e9d263b679292414ce0cfe0a4f,6cc5450a884e2eef7bce8facd8287ae176a23021fb851a3ef4730d1dda694cee,False,صلاحيات الإدارة,على الأرجح ضجيج OCR (تشابه متوسط). / likely OCR noise (medium similarity).,فحص عيّني. / spot-check.
P3,39,likely_ocr_noise_medium_similarity,substantive_difference,0.8159,451,434,ae461bcbe947d7c66d1d85f8498be6079178a917c4e933826b6b00d26d493d34,68031a3a8cd7dc26caddf0ed8c7b8088e257dc7488609c0217cd0a4d332033c2,False,الأعمال المحظورة على المدير,على الأرجح ضجيج OCR (تشابه متوسط). / likely OCR noise (medium similarity).,فحص عيّني. / spot-check.
P3,40,likely_ocr_noise_medium_similarity,substantive_difference,0.911,406,462,3ae3f36d2b5bff73aff47272f869cde52ee393af9bf4e50962bb77d1debaf0a3,26177f97db68c8caf8223fc9cf8e4017066bcf86dc18fe12b13996acc0edde03,False,منافسة الشركة,على الأرجح ضجيج OCR (تشابه متوسط). / likely OCR noise (medium similarity).,فحص عيّني. / spot-check.
P3,41,likely_ocr_noise_medium_similarity,substantive_difference,0.8896,307,308,6c5a7244de4c36c67f97c0cf86ef3840b47d71b02209b2717f28470b0a2d3638,ade2150936682175a4eb05f02dd2716d0b1516ddb3c4f042340316b02b9d1169,False,صلاحيات الشريك غير المدير,على الأرجح ضجيج OCR (تشابه متوسط). / likely OCR noise (medium similarity).,فحص عيّني. / spot-check.
P3,42,likely_ocr_noise_medium_similarity,substantive_difference,0.8757,557,572,f435d377d939731930ddecb1f53e20fa08e6e0126dd2ef9aa26760aad03856e0,0f444374f00b253fcf7ed54c3f832316757b8ca011fe0bddcd27dc06e0732bc0,False,عزل المدير,على الأرجح ضجيج OCR (تشابه متوسط). / likely OCR noise (medium similarity).,فحص عيّني. / spot-check.
P3,43,likely_ocr_noise_medium_similarity,substantive_difference,0.8314,341,461,7befae91c4c4dc3b8383277a92b460517faea747f423171a7efd9edc1c0ddaa0,14fb4cc3a45c6c962c3ed241cd6dc5ca223b9502d7da761a79e447466427ea63,False,اعتزال المدير,على الأرجح ضجيج OCR (تشابه متوسط). / likely OCR noise (medium similarity).,فحص عيّني. / spot-check.
P3,45,likely_ocr_noise_medium_similarity,substantive_difference,0.9158,865,962,335a3e239b3218ed5569fcd5d1b5707fbe08eb3825a7f22d809d45b5ccf3346b,74a3b02b26f6b2d1b99a804c25a2d394987337a1bfcc0f5cfddbb9b314013a52,False,انضمام الشريك أو انسحابه أو إخراجه أو تنازله,على الأرجح ضجيج OCR (تشابه متوسط). / likely OCR noise (medium similarity).,فحص عيّني. / spot-check.
P3,48,likely_ocr_noise_medium_similarity,substantive_difference,0.8542,257,345,db58bbb2f9739bc9a203684b890d389b10c0bf21e54e30d6e62b81d500cc860a,f07910be21ea7227f929d3303aedc593ddefda7e28c7c1b54fde904605324795,False,التنفيذ على أموال الشريك,على الأرجح ضجيج OCR (تشابه متوسط). / likely OCR noise (medium similarity).,فحص عيّني. / spot-check.
P3,49,likely_ocr_noise_medium_similarity,substantive_difference,0.854,584,628,d603415c3f6215257f3f063ff5f0f14e4c613a094dd3eff5d33900fcec7f795c,70a7ab2068475c36bdaba6b66dc10c3fb1134c5bdd1d71a4e9d89e856e77f289,False,تقدير قيمة حصة الشريك,على الأرجح ضجيج OCR (تشابه متوسط). / likely OCR noise (medium similarity).,فحص عيّني. / spot-check.
P3,51,likely_ocr_noise_medium_similarity,substantive_difference,0.9436,562,614,80a7da9afbb5ff92b842bda866aac480f690d1121e863f1c9cb6c3636aaea768,776e0096d82989f17d5ce4e06f8af09185d9939647b91f4115b1b0852e95a44c,False,تعريف شركة التوصية البسيطة,على الأرجح ضجيج OCR (تشابه متوسط). / likely OCR noise (medium similarity).,فحص عيّني. / spot-check.
P3,53,likely_ocr_noise_medium_similarity,substantive_difference,0.911,691,786,fc8bf234bc9f95b41940e898270daabb197da3ce16de3e3c2c855a73207643bf,f1bf6096e3e2251a93980fcf70a609f1d4eb4cd48629ef9e3b9ae9346f2097b2,False,صلاحيات الشريك الموصي,على الأرجح ضجيج OCR (تشابه متوسط). / likely OCR noise (medium similarity).,فحص عيّني. / spot-check.
P3,56,likely_ocr_noise_medium_similarity,substantive_difference,0.9087,684,805,c574922fe81bbd158707d33a45fdc674c15833692fd43d6f6bce02601ad143a3,b6788e2a640d68972dff4d94dbdf424e9b149beb03dadc703ecbe68740ce4289,False,التنازل عن الحصص,على الأرجح ضجيج OCR (تشابه متوسط). / likely OCR noise (medium similarity).,فحص عيّني. / spot-check.
P3,58,likely_ocr_noise_medium_similarity,substantive_difference,0.824,277,276,3e8bc00de9ecd394213abb1fe2cce6fc21904119344cc50c27a0ca1cc593bfc7,f48bdb48c2f680946d69b265f331d903a558bcbc42c06e62e8e392cef03e92e5,False,تعريف شركة المساهمة,على الأرجح ضجيج OCR (تشابه متوسط). / likely OCR noise (medium similarity).,فحص عيّني. / spot-check.
P3,64,likely_ocr_noise_medium_similarity,substantive_difference,0.8792,594,702,370e049d8be2f53178fc38895539d6d1b9a70dd709ba5eda7915d21c479c5123,b3fc87cb3ad1aad2db4b78f572be0c375c6bd0e8f2c3ebc93854d1870af22c7e,False,إيداع قيمة الأسهم,على الأرجح ضجيج OCR (تشابه متوسط). / likely OCR noise (medium similarity).,فحص عيّني. / spot-check.
P3,66,likely_ocr_noise_medium_similarity,substantive_difference,0.8179,608,677,20a7cda912ed00aef6e9712066e06c4a9707e1259a7c0160e956e6817189f02f,823fda4a87330a7ef6b29bec26efe04cf819b521f7072509dec8af03ccbaa654,False,تقييم الحصص العينية,على الأرجح ضجيج OCR (تشابه متوسط). / likely OCR noise (medium similarity).,فحص عيّني. / spot-check.
P3,68,likely_ocr_noise_medium_similarity,substantive_difference,0.9448,869,964,374f3b50cf74485ab1f5671baef3a5adbdd4a094fea6c8665122a460a67e50b9,b0e47675a78380aad3affec90c609725eae849daa45f3a28d0d5ec07c9bd3ed3,False,انتخاب أعضاء مجلس الإدارة,على الأرجح ضجيج OCR (تشابه متوسط). / likely OCR noise (medium similarity).,فحص عيّني. / spot-check.
P3,69,likely_ocr_noise_medium_similarity,substantive_difference,0.9395,2010,2118,69454501f368c7d96a22c4c86172c4fcf0572fb4f53af77b250a240ed92fa629,636a7ef80eac7d3bfba58a9f422197931fbf74c4edb712672ef05ba75c2cfc5a,False,انتهاء دورة مجلس الإدارة أو اعتزال أعضائه,على الأرجح ضجيج OCR (تشابه متوسط). / likely OCR noise (medium similarity).,فحص عيّني. / spot-check.
P3,73,likely_ocr_noise_medium_similarity,substantive_difference,0.9176,258,258,6061d74ed3a0d4c48edeb76befb04bdad826de53f9b38a385b4579f41da0412c,37859e8d5c25fa18b47f068362b9b2b884a5717c3900760efa7a8882e00542b9,False,الرقابة على مجلس الإدارة,على الأرجح ضجيج OCR (تشابه متوسط). / likely OCR noise (medium similarity).,فحص عيّني. / spot-check.
P3,75,likely_ocr_noise_medium_similarity,substantive_difference,0.9143,442,499,b6ab38050ffd7d674e6d3577778166358c298d64b47ce7eb909c0e38725a54f0,269f027ecca81719e8595730cdc6e2e0e72f2b449b5b3c394b032c666e934984,False,بيع أصول الشركة,على الأرجح ضجيج OCR (تشابه متوسط). / likely OCR noise (medium similarity).,فحص عيّني. / spot-check.
P3,78,likely_ocr_noise_medium_similarity,substantive_difference,0.8833,929,943,1d011e386584e1dc8086140e18161421c549fc93d7f04fb10ac5a30c12aa9fcb,bd8c26a791a5f67a76224dab2c84d7ccafe6727336f71652cbb2a42d351ff09c,False,توزيع الاختصاصات في مجلس الإدارة,على الأرجح ضجيج OCR (تشابه متوسط). / likely OCR noise (medium similarity).,فحص عيّني. / spot-check.
P3,79,likely_ocr_noise_medium_similarity,substantive_difference,0.9224,567,658,a4ddaf85d3e0f04b1ec3f2322c49914ede9119cf338d71b20a7a6468b621a3a8,ac305325dcfca3f9f0877c6a302705ab86a30d9fd8ccf93d262659c6f44d232a,False,تمثيل الشركة,على الأرجح ضجيج OCR (تشابه متوسط). / likely OCR noise (medium similarity).,فحص عيّني. / spot-check.
P3,82,likely_ocr_noise_medium_similarity,substantive_difference,0.8804,335,411,2bed48c87d93bb2f71816aff93afeb4e5a60ce71b8f24c296661d02285978ea7,7e32692742bea19b0293ad4e03553d42e0e593ab29e7f14bb3b23a3e055708cc,False,إصدار القرارات في الأمور العاجلة,على الأرجح ضجيج OCR (تشابه متوسط). / likely OCR noise (medium similarity).,فحص عيّني. / spot-check.
P3,83,likely_ocr_noise_medium_similarity,substantive_difference,0.903,283,326,db6743b512a566126c9e160d901cb119cf95a7beb54844dbe2400b5dfac50dce,b55dcff4f5fa04a67924ca0a546ef10bcf191bb0a0422c9cf4147a5ca37d98d2,False,محاضر اجتماعات مجلس الإدارة,على الأرجح ضجيج OCR (تشابه متوسط). / likely OCR noise (medium similarity).,فحص عيّني. / spot-check.
P3,84,likely_ocr_noise_medium_similarity,substantive_difference,0.8831,478,490,6e0d3b4b635f1044e3f46772ad1b07b7c722dcd513011c21ec16cbdfdfa48e86,a448ac0ece19f00a7be3b0bb2fc8d3456e33ab53a5e6ba26a1b289bba04b7d82,False,اجتماع الجمعية العامة للمساهمين,على الأرجح ضجيج OCR (تشابه متوسط). / likely OCR noise (medium similarity).,فحص عيّني. / spot-check.
P3,87,likely_ocr_noise_medium_similarity,substantive_difference,0.8104,537,626,e87f925f4f2f124e511c6b9f19a8a71d0753e9685c8a249b8e13377554cc51cc,cf6f927bbf52e01379893f668e112e1157f6842dbd953670f045295ce7a42874,False,اختصاصات الجمعية العامة العادية,على الأرجح ضجيج OCR (تشابه متوسط). / likely OCR noise (medium similarity).,فحص عيّني. / spot-check.
P3,89,likely_ocr_noise_medium_similarity,substantive_difference,0.8321,248,322,c5031c17462eecdd589386c3dfc9a9d10ec34d03ff141f3258f72f86fe3ac3eb,c675792e1c1f1275669e40a089f7efb2510daf261f16b0d45a354b63d6fc0151,False,تعديل حقوق فئات المساهمين,على الأرجح ضجيج OCR (تشابه متوسط). / likely OCR noise (medium similarity).,فحص عيّني. / spot-check.
P3,95,likely_ocr_noise_medium_similarity,substantive_difference,0.9495,226,235,c009cebed70dc2ea4defd4e11df5e489f3ebe912a8bbf3311054777916abdf45,a1fb6784630105f1ee19fff2fd100983c080635f122119d29c501042a866a694,False,التصويت في جمعية المساهمين,على الأرجح ضجيج OCR (تشابه متوسط). / likely OCR noise (medium similarity).,فحص عيّني. / spot-check.
P3,100,likely_ocr_noise_medium_similarity,substantive_difference,0.929,736,746,876169c3aa52f826c0d282c4d5b103fdd835e6154415f03cfc1b0dff8293836d,5e9c7e137bbf406291cd35e2ca340fc8e358f2549152878b1096b342384f5d8b,False,إصدار القرار بالتمرير,على الأرجح ضجيج OCR (تشابه متوسط). / likely OCR noise (medium similarity).,فحص عيّني. / spot-check.
P3,102,likely_ocr_noise_medium_similarity,substantive_difference,0.9256,831,945,badd5f5211d2871afca11b03b87c0d616490150f1e514b348c05bd845975f95c,10d7f957f08a4e203c6b5a23df58404c6f9a990ede85e92a269a1dc4bb37ad15,False,طلب التفتيش على الشركة,على الأرجح ضجيج OCR (تشابه متوسط). / likely OCR noise (medium similarity).,فحص عيّني. / spot-check.
P3,103,likely_ocr_noise_medium_similarity,substantive_difference,0.8341,626,754,c609f0e32a6367ec6cb4ca348c1327abc3e51e9e16ac02f48f238ccfc8feb55b,460bb97289e1ccb30e3ca0f4e3845ec16a4230dbb01029d53d4163f86c504ca1,False,أسهم الشركة,على الأرجح ضجيج OCR (تشابه متوسط). / likely OCR noise (medium similarity).,فحص عيّني. / spot-check.
P3,104,likely_ocr_noise_medium_similarity,substantive_difference,0.9134,236,238,a3fe537076d19d531932d65dd428353ddd86f525f26677f485ec6850077e1533,3e76c8ec6b471cdfaf719e85493f2e92b93014c3b87e215ec53d056808df624e,False,أثر الاكتتاب في الأسهم,على الأرجح ضجيج OCR (تشابه متوسط). / likely OCR noise (medium similarity).,فحص عيّني. / spot-check.
P3,106,likely_ocr_noise_medium_similarity,substantive_difference,0.8576,250,332,5c63f9d46b9e6b521d847502d13e6430a5bcf24ec7e1c626f465dca06f5fb28e,9a15811acddaa0e2b456229ac07db7463b36bffe37c8e240d0d6c2a6639b2175,False,القيمة الاسمية للأسهم,على الأرجح ضجيج OCR (تشابه متوسط). / likely OCR noise (medium similarity).,فحص عيّني. / spot-check.
P3,107,likely_ocr_noise_medium_similarity,substantive_difference,0.932,516,519,e319587976d095b15b770f1e43907549d38425aae0f752c5cf77b5fc8d09739a,ce095f0a1d7fd0e9168725f495c4bb2f60afc82f60674e67b61da2ec8ff8df41,False,الحقوق المتصلة بالأسهم,على الأرجح ضجيج OCR (تشابه متوسط). / likely OCR noise (medium similarity).,فحص عيّني. / spot-check.
P3,108,likely_ocr_noise_medium_similarity,substantive_difference,0.9382,421,433,70f43c8b4f6508afd6e134638f6c84ce52adf5d2a505518e4d877899c61b2951,ff9e2a5c3f00559461e002b9f3ed15a0dd28160758b5894f6ee35dba29894667,False,أنواع الأسهم وفئاتها,على الأرجح ضجيج OCR (تشابه متوسط). / likely OCR noise (medium similarity).,فحص عيّني. / spot-check.
P3,109,likely_ocr_noise_medium_similarity,substantive_difference,0.8678,817,946,3deae3165c27867201ae7b4edb3025543297539772aeec5c9ba1807d3864e841,14d79ba6c4ee8fcc049a2028dd5e8c20674e132432d0bcaa90bad1a682880161,False,تحويل الأسهم,على الأرجح ضجيج OCR (تشابه متوسط). / likely OCR noise (medium similarity).,فحص عيّني. / spot-check.
P3,111,likely_ocr_noise_medium_similarity,substantive_difference,0.8625,282,370,5bbcad4bae129c7db1fb3685c35b81fec5064b22dd0679d12ff5fd63f1b572f3,e004c3c36e2f3b94c99ec389f76f1a85011847f9b0e22118978cac62b30021f9,False,قيود تداول الأسهم,على الأرجح ضجيج OCR (تشابه متوسط). / likely OCR noise (medium similarity).,فحص عيّني. / spot-check.
P3,112,likely_ocr_noise_medium_similarity,substantive_difference,0.8318,451,459,dd26b2fbe89fea1f92f995a5925804fa3eebafdfff1b81d983c8148ad8b73492,c17a3449a3a60b5aeca8f2c65ed6db83b8df8943a9b34528c1cd4651e8a27a64,False,سجل المساهمين,على الأرجح ضجيج OCR (تشابه متوسط). / likely OCR noise (medium similarity).,فحص عيّني. / spot-check.
P3,114,likely_ocr_noise_medium_similarity,substantive_difference,0.8923,381,467,ba95c5c00e02494fbf58b7ffdd2f02e775a931aa9b7860da441b6e0e48da7562,0a5dbe747c9e7467397e944b76a256a474503b42d4fac4d1603a7d9c9f8033f1,False,شراء الأسهم وارتهانها ورهنها,على الأرجح ضجيج OCR (تشابه متوسط). / likely OCR noise (medium similarity).,فحص عيّني. / spot-check.
P3,115,likely_ocr_noise_medium_similarity,substantive_difference,0.923,1233,1246,3dbc3d8e5a90d9bf118cda8b815c8e742996b6434b5a39cd6392568bea7f7284,8f97457f8ff3c30ceeba77b4b2b410c3423670c759403a127ac16e7811acb00f,False,التخلف عن الدفع,على الأرجح ضجيج OCR (تشابه متوسط). / likely OCR noise (medium similarity).,فحص عيّني. / spot-check.
P3,116,likely_ocr_noise_medium_similarity,substantive_difference,0.8451,120,168,e85da3b4673c271ef667d7980cde701e688d653ea576a39507ff83724f4f0a35,20df156916e590e5ca78c4115fc6b28af0b15cf0bf8ad6b4b517ba33d6178bd9,False,المطالبة بدفع ما يزيد على ما التزم به المساهم,على الأرجح ضجيج OCR (تشابه متوسط). / likely OCR noise (medium similarity).,فحص عيّني. / spot-check.
P3,121,likely_ocr_noise_medium_similarity,substantive_difference,0.8878,522,534,696f8ef762f0017be1d9d4f0c86a4bedd369a4b75890d41845673d125ec64ad2,86e8b62fa9c8304b49b770a11d4937953fc71967d126b1a8a859db7e9e5a02b2,False,القوائم المالية وتقرير عن نشاط الشركة,على الأرجح ضجيج OCR (تشابه متوسط). / likely OCR noise (medium similarity).,فحص عيّني. / spot-check.
P3,125,likely_ocr_noise_medium_similarity,substantive_difference,0.8008,454,535,b51eb9a225ecc4b3fbacf1128c28d44478575d8ce9e109b598777c35b3f19efc,2fc739a9d0a0eb27d8e92b3a09547ec21e8679aca5b4ae072f30a9fc5ccb5266,False,توزيع الأرباح على المساهمين,على الأرجح ضجيج OCR (تشابه متوسط). / likely OCR noise (medium similarity).,فحص عيّني. / spot-check.
P3,134,likely_ocr_noise_medium_similarity,substantive_difference,0.9094,513,609,97512a4a7aeb8a92affb3a4e598dcaed950794da1992f95fb7f836bd0cd9eb69,dd44cb45dd989accfdc1734876434839f320120b9b64386833cb8bd7f751b8fe,False,إصدار قرار تخفيض رأس المال,على الأرجح ضجيج OCR (تشابه متوسط). / likely OCR noise (medium similarity).,فحص عيّني. / spot-check.
P3,135,likely_ocr_noise_medium_similarity,substantive_difference,0.8955,1074,1070,5b0b4f10bb1d7e65996fdf5458e0c699d75e1bcedbe5029c25acd5ace43f862c,850e5b569a5cce49b13cf4edb73d4d0970cb3fbd055c8956e91c4490c3435d91,False,إجراءات تخفيض رأس المال,على الأرجح ضجيج OCR (تشابه متوسط). / likely OCR noise (medium similarity).,فحص عيّني. / spot-check.
P3,137,likely_ocr_noise_medium_similarity,substantive_difference,0.8156,523,702,273077bf126ac0431ea42e713ccc482e88e809a2ccae12cdddccdec762df8a77,c70911dba3dc6ec08499c74b9d9767375a73e69119a039a9a3f0b52d88ac9302,False,التخفيض بشراء أسهم الشركة,على الأرجح ضجيج OCR (تشابه متوسط). / likely OCR noise (medium similarity).,فحص عيّني. / spot-check.
P3,139,likely_ocr_noise_medium_similarity,substantive_difference,0.859,206,253,cfe7f53f275e0a875a473c61571429a4df8c55d4147af3146adbc507d6a67c9d,3f29e85fe19fa68d7de9e5c99cc508d9ba415c7f6e294b157fa91020f0140370,False,رأس مال شركة المساهمة المبسطة,على الأرجح ضجيج OCR (تشابه متوسط). / likely OCR noise (medium similarity).,فحص عيّني. / spot-check.
P3,144,likely_ocr_noise_medium_similarity,substantive_difference,0.8976,115,141,573ea54be0becc91dbabafb548da16b8b74138b5d693cfd437b649ac97fd3663,305205417b1ce944ad6523daead46c1b369b1c59c31af55fe60a8eec77bf0b65,False,تقديم القروض,على الأرجح ضجيج OCR (تشابه متوسط). / likely OCR noise (medium similarity).,فحص عيّني. / spot-check.
P3,153,likely_ocr_noise_medium_similarity,substantive_difference,0.8558,270,357,ee6210490c07b1c00a365d1a262a8af906beeb07c801a108476340ff80604690,b9078e2fd48efb7efedf8e9d675b36c487962bc1c0a51e25d4305d9209b91ee5,False,تسوية المنازعات,على الأرجح ضجيج OCR (تشابه متوسط). / likely OCR noise (medium similarity).,فحص عيّني. / spot-check.
P3,156,likely_ocr_noise_medium_similarity,substantive_difference,0.939,346,344,503972c89c3c976831c97c2d1f0c7186fef4f491868ae85e90ba7fe466913948,72c1a426f530f759b3be2511eb4c6b416759fcd0b728454752befd366f0f4e9a,False,تعريف الشركة ذات المسؤولية المحدودة,على الأرجح ضجيج OCR (تشابه متوسط). / likely OCR noise (medium similarity).,فحص عيّني. / spot-check.
P3,157,likely_ocr_noise_medium_similarity,substantive_difference,0.8452,597,709,a56e2e425cf7a2df7583b19beb65f1ceb039c4a352756c6c7120b5268eb336f5,60b97b6ecd76c446f4690e8b20b3acac5422c786161aa30ff9aa983b787886b9,False,الشركة ذات المسؤولية المحدودة من شخص واحد,على الأرجح ضجيج OCR (تشابه متوسط). / likely OCR noise (medium similarity).,فحص عيّني. / spot-check.
P3,162,likely_ocr_noise_medium_similarity,substantive_difference,0.8869,302,377,aa4919afabbfe7701aadde7abee76e043f103c2a699c8bd1ac2a79611b56b398,8859376da49b2f6736928f795a71c7f0970df3d65bde0ee066658e5845c7e04a,False,تمثيل الشركة والتزامها بأعمال المدير,على الأرجح ضجيج OCR (تشابه متوسط). / likely OCR noise (medium similarity).,فحص عيّني. / spot-check.
P3,163,likely_ocr_noise_medium_similarity,substantive_difference,0.9308,262,260,d2ad4e454dfdcd80b409e312759caa79db8f9e05a71ccf16a4fac0b36180a031,a7aa79c24efd1fe3c482e9ce9402b3bdda3989ca66c0952fe69f850789c7e554,False,خلو منصب المدير,على الأرجح ضجيج OCR (تشابه متوسط). / likely OCR noise (medium similarity).,فحص عيّني. / spot-check.
P3,167,likely_ocr_noise_medium_similarity,substantive_difference,0.9019,625,634,b0ccd8270ba2cf915c19f394a92de02c04f8e20443a1188f6731115bd57ebc73,ecc770177899ec09f817d2182aa8fd50d2e34327bcf049522c8b6a29b6e84d9b,False,القوائم المالية وتقرير عن نشاط الشركة,على الأرجح ضجيج OCR (تشابه متوسط). / likely OCR noise (medium similarity).,فحص عيّني. / spot-check.
P3,169,likely_ocr_noise_medium_similarity,substantive_difference,0.8964,471,546,9263d638c1d9f550a17719e52f5fb5bfc42bd7021db1a1a31687c6294451d496,7ae8e5be7f50dabef651005b4a738a59a7ae9e5404e7d14ad120703636e13054,False,المسائل المدرجة في جدول الأعمال,على الأرجح ضجيج OCR (تشابه متوسط). / likely OCR noise (medium similarity).,فحص عيّني. / spot-check.
P3,171,likely_ocr_noise_medium_similarity,substantive_difference,0.8706,827,904,195063d2e08b88cb4a7f1f50189de088d4a9ae92f7851823242aae3b1bc4a8c2,7dd8c0993c680674af9c5d298c4ed26a4050dd8ac9ccf2ff84cc68facfb6ca6f,False,حقوق الشركاء والتزاماتهم,على الأرجح ضجيج OCR (تشابه متوسط). / likely OCR noise (medium similarity).,فحص عيّني. / spot-check.
P3,172,likely_ocr_noise_medium_similarity,substantive_difference,0.9196,466,475,1426e1c04b93953ae1c49d98ce62e2d4d412d25c83342ab6cfc418297a230289,5204327a2df42b54092e839b33a509f5e7717da19b2956e6779e9854c2d30130,False,تعديل عقد تأسيس الشركة,على الأرجح ضجيج OCR (تشابه متوسط). / likely OCR noise (medium similarity).,فحص عيّني. / spot-check.
P3,173,likely_ocr_noise_medium_similarity,substantive_difference,0.9248,214,242,19a120641573c74da78869f8ae1177d82f0c7f9bc62059aa1666c17f1d340c41,b8b368a46160ea77796ff33e071e1df956568656ed6efe0d1507cda264cbd3ea,False,تسوية المنازعات,على الأرجح ضجيج OCR (تشابه متوسط). / likely OCR noise (medium similarity).,فحص عيّني. / spot-check.
P3,174,likely_ocr_noise_medium_similarity,substantive_difference,0.8157,536,673,ac42aed55239876790c395061cedc2a4f949ee38305ec9d5226fc80ee9977d53,8d32be08446cdf6f738a460263ddef15dea4c6ff3a7412f87c22de3b7d42cdf1,False,مقدار رأس المال,على الأرجح ضجيج OCR (تشابه متوسط). / likely OCR noise (medium similarity).,فحص عيّني. / spot-check.
P3,176,likely_ocr_noise_medium_similarity,substantive_difference,0.809,1261,1356,e82270900fa3d30e5d0b70cb23e877cb896e8492a68b617d07d065c45691e24a,26455bb785f7213723fab9852677f927a7b4171287a8337997144bef2ea4cbe7,False,تخفيض رأس المال,على الأرجح ضجيج OCR (تشابه متوسط). / likely OCR noise (medium similarity).,فحص عيّني. / spot-check.
P3,180,likely_ocr_noise_medium_similarity,substantive_difference,0.808,272,284,e7f48d89fa5627bcd581319c91de57e91cbbef3ceb53b6c479bfc3790ced68da,1a3627679077892b17969e9ed535cef55c45722dd8fac28b7d6a15444def1eed,False,شراء الحصص وارتهانها ورهنها,على الأرجح ضجيج OCR (تشابه متوسط). / likely OCR noise (medium similarity).,فحص عيّني. / spot-check.
P3,182,likely_ocr_noise_medium_similarity,substantive_difference,0.8972,243,297,0f3a52d2172dfee3e11df7c6a2fb8bfdc68d0418fb34178bc2c78739c4752303,f0df5c39e6c09443616d15fbed383cfae6d0e9e293bfd73345f10fe9f1b8ab44,False,خسائر الشركة,على الأرجح ضجيج OCR (تشابه متوسط). / likely OCR noise (medium similarity).,فحص عيّني. / spot-check.
P3,190,likely_ocr_noise_medium_similarity,substantive_difference,0.8424,348,335,14d2d2e25cdf7dae855df67095b50ea0c5246eb2f3582b59d45cd426987c96ac,8d87cdaa2017f4f250bf81500bf194864ff86e63672f360273a8fe710e5968de,False,انتهاء العضوية في الشركة,على الأرجح ضجيج OCR (تشابه متوسط). / likely OCR noise (medium similarity).,فحص عيّني. / spot-check.
P3,194,likely_ocr_noise_medium_similarity,substantive_difference,0.8879,915,1043,f30fbf3f7492355ec0f1cf4179984a154c2c2082791dbf0fcb268b599abb8367,0c2a2313c71f7dd865cb3bbad402e9acca97e2e82dea466299a08050c0d05860,False,أرباح الشركة,على الأرجح ضجيج OCR (تشابه متوسط). / likely OCR noise (medium similarity).,فحص عيّني. / spot-check.
P3,200,likely_ocr_noise_medium_similarity,substantive_difference,0.9297,1027,1037,aaa9b729aefb6009625a4848606297b5daf344f7a4bf1ab5dce46402aa57883e,48c0b0ee3a3ceee428b20e0d242be5eccffe7c049755e902b37cf073720b1188,False,تأسيس الشركة المهنية,على الأرجح ضجيج OCR (تشابه متوسط). / likely OCR noise (medium similarity).,فحص عيّني. / spot-check.
P3,201,likely_ocr_noise_medium_similarity,substantive_difference,0.8805,335,419,73cc7c3c20dffc6b39ed240f7471c5c3f1a866204da42d79994cb4cec1e854a7,9056a8a44cd2bf5be0ad00e065032f7e2961546fa20686ce25d6a0f96b54bd0b,False,المشاركة في أكثر من شركة,على الأرجح ضجيج OCR (تشابه متوسط). / likely OCR noise (medium similarity).,فحص عيّني. / spot-check.
P3,202,likely_ocr_noise_medium_similarity,substantive_difference,0.8832,216,219,7d3fe74e59b639d06023389372b7e5184a99ecd9a43ca1a435cb5148f9c1a2af,6bb8fea38c0763b4c0093c303293c1e525954dfef867c4accfad5fd42a2bd359,False,تأسيس الشركة المهنية وحلها,على الأرجح ضجيج OCR (تشابه متوسط). / likely OCR noise (medium similarity).,فحص عيّني. / spot-check.
P3,205,likely_ocr_noise_medium_similarity,substantive_difference,0.9122,446,511,54430057425a42e77e4766c49dd5fe1923e81722fae93a0030dc8309c8862dde,96b3ed7a5b10776455b4e97a12c9140830098785516abfe6dcddfd77f589593e,False,الإشراف على الشركة,على الأرجح ضجيج OCR (تشابه متوسط). / likely OCR noise (medium similarity).,فحص عيّني. / spot-check.
P3,207,likely_ocr_noise_medium_similarity,substantive_difference,0.8336,597,707,e71d9e955adf8bcf6d24034d51555f23edcbea51577a6c0eff3b2a93aca28ce9,664082c8d0ece6d5423cc20b250e3dcd78c8d0276e99f7af5860ccb45d775228,False,إدارة الشركة,على الأرجح ضجيج OCR (تشابه متوسط). / likely OCR noise (medium similarity).,فحص عيّني. / spot-check.
P3,223,likely_ocr_noise_medium_similarity,substantive_difference,0.8429,120,164,a819cf15e33256c553ca2079abcb4c87a1cdf59445e53bbf67bfad58df173786,4f03446460a29245c8a111c992b531fd2cda2161372ee173e42e41bd69703381,False,شخصية الشركة بعد التحول,على الأرجح ضجيج OCR (تشابه متوسط). / likely OCR noise (medium similarity).,فحص عيّني. / spot-check.
P3,224,likely_ocr_noise_medium_similarity,substantive_difference,0.9495,313,346,edef98823a42c7067ff4283430cbabdc3200d877618d6adc698284cb83ca0623,0bee10e9b412507fdbbeccb94e7fce831c71ed679902f1eeffbeec0571239b51,False,إبراء ذمة الشركاء المتضامنين,على الأرجح ضجيج OCR (تشابه متوسط). / likely OCR noise (medium similarity).,فحص عيّني. / spot-check.
P3,225,likely_ocr_noise_medium_similarity,substantive_difference,0.8889,1003,1101,2e18653c06eabd99ee0372bbe40e1f0d6a81b8c7d33a566926bcd809ed4b363c,286e215bacf34547a7fe39a7dfebe8e7e4af3980a0f06daf25059c21e90466dd,False,مقترح الاندماج,على الأرجح ضجيج OCR (تشابه متوسط). / likely OCR noise (medium similarity).,فحص عيّني. / spot-check.
P3,226,likely_ocr_noise_medium_similarity,substantive_difference,0.875,200,201,3581f3b984e9cbf46976aecf345e31596cb43bc5b14c95e1cec91184829171c9,ed5b4bfc05c7b73cea9a11c2f225547d2d365878b3052f17d77700be1c340cc1,False,اندماج الشركة في شركة مالكة لها,على الأرجح ضجيج OCR (تشابه متوسط). / likely OCR noise (medium similarity).,فحص عيّني. / spot-check.
P3,227,likely_ocr_noise_medium_similarity,substantive_difference,0.9163,1262,1257,db6fb421c4f3e8fb9b98bc616dae895256af3055d27bcb383ebcb33c03f39232,dc72f618bf411b0dbf83e26f04b9f902c08a9be02c08d3fa75d8678a4183de7e,False,الاعتراض على قرار الاندماج,على الأرجح ضجيج OCR (تشابه متوسط). / likely OCR noise (medium similarity).,فحص عيّني. / spot-check.
P3,229,likely_ocr_noise_medium_similarity,substantive_difference,0.8671,217,218,ba2de456f5e4fa3f7b67fad2525e9aaa77b6dfc6db780d13c7d26f6676a51f34,c00c9d273fe775a50d7724fcbe4e8fa12dc03af9e341912f5cb6c3214e779579,False,حقوق الشركة المندمجة والتزاماتها وأصولها وعقودها,على الأرجح ضجيج OCR (تشابه متوسط). / likely OCR noise (medium similarity).,فحص عيّني. / spot-check.
P3,233,likely_ocr_noise_medium_similarity,substantive_difference,0.9102,469,555,613b0aad93512a8554f5839521c98bc601350ca1f2ae891734814c270c174569,79267bcddf28acd2b0d1f3a81a1a4a53ea1174572a3bc7e2d1e6cfbc493840fa,False,ديون الشركة محل التقسيم والتزاماتها,على الأرجح ضجيج OCR (تشابه متوسط). / likely OCR noise (medium similarity).,فحص عيّني. / spot-check.
P3,234,likely_ocr_noise_medium_similarity,substantive_difference,0.8797,128,164,2e57572e0bc5035a920546c6619dc8516a7aec88f7bd33f766eb47a28d318ed7,edb1ddd1bfc01ba3d6d2285d7d784d44902d0966bac72145a29b7ae075ff55ec,False,ضوابط التقسيم,على الأرجح ضجيج OCR (تشابه متوسط). / likely OCR noise (medium similarity).,فحص عيّني. / spot-check.
P3,238,likely_ocr_noise_medium_similarity,substantive_difference,0.899,470,575,b67ce2652e87eacee11d50297b8dea22ca90fddca57e110aca0013bc9fc401bc,448110b6df43660401dbcd204d0838bbbe8fc717b257f15dd964f2bd3336b9cd,False,مالية فرع الشركة,على الأرجح ضجيج OCR (تشابه متوسط). / likely OCR noise (medium similarity).,فحص عيّني. / spot-check.
P3,241,likely_ocr_noise_medium_similarity,substantive_difference,0.9243,409,454,0b1214316b97333e7211dd90caba434beb5ce57e140ecc30d5c77b883975087d,1ccbbe0f456448021d0fd5448680e27c1f2170f48e86d9c99e99a8ca53a25a1f,False,القيد المؤقت,على الأرجح ضجيج OCR (تشابه متوسط). / likely OCR noise (medium similarity).,فحص عيّني. / spot-check.
P3,242,likely_ocr_noise_medium_similarity,substantive_difference,0.9171,659,762,6bf48b04282d98ea7a5abde26ef39c02d3e128c6cea833024cb32cd2721e321d,3750eda494af86fa52c1e598f619afc1aa3a64c691fb90981f994cad2d22867a,False,فحص المركز المالي للشركة,على الأرجح ضجيج OCR (تشابه متوسط). / likely OCR noise (medium similarity).,فحص عيّني. / spot-check.
P3,244,likely_ocr_noise_medium_similarity,substantive_difference,0.8354,919,1010,8769fe4586590701f45f0b3fb2f8b084a66843ef171a4312a6eefd81f503da09,4d998e504e2ceb1370f59632b77e969064465688990a6c4667b19149552d6b56,False,تصفية الشركة,على الأرجح ضجيج OCR (تشابه متوسط). / likely OCR noise (medium similarity).,فحص عيّني. / spot-check.
P3,250,likely_ocr_noise_medium_similarity,substantive_difference,0.8241,250,344,a2a92510d54853a8aa1049fa2158016c09141cebf202db01448e5648fce6d569,3ddf5b63ccef79974ff20cc0a128243b66ca8983c5f61840d4b5410d58f6fa46,False,عزل المصفي,على الأرجح ضجيج OCR (تشابه متوسط). / likely OCR noise (medium similarity).,فحص عيّني. / spot-check.
P3,252,likely_ocr_noise_medium_similarity,substantive_difference,0.8844,618,635,f5100ba41a9216c0374ae14a53d89baf4de2e86d80496821a38bd511c67ece2e,9bef94c3730f9775717e3b1b950f6fe07137cb7d81cd835d67654ae278900e7f,False,صلاحيات المصفي,على الأرجح ضجيج OCR (تشابه متوسط). / likely OCR noise (medium similarity).,فحص عيّني. / spot-check.
P3,253,likely_ocr_noise_medium_similarity,substantive_difference,0.9346,726,795,dd131c7bda25f42293651c0a2c8b4d380dd2e56fb4bdaa69c9cc9ff4ae59a7f6,43e2bf022a82e927fc9c47390c1fcc65686d8358720f9659e19b7e0b1d5422f7,False,جرد الأصول والالتزامات,على الأرجح ضجيج OCR (تشابه متوسط). / likely OCR noise (medium similarity).,فحص عيّني. / spot-check.
P3,255,likely_ocr_noise_medium_similarity,substantive_difference,0.8055,617,720,9fd7bb28ad71b088c51da66ff519a52cfe5149b205318eea0e6ae9997cc157e3,2389e3fad84f096067d3ab7891d9aac65cb03827232c4ef3e00883edf2a4ea60,False,سداد الديون,على الأرجح ضجيج OCR (تشابه متوسط). / likely OCR noise (medium similarity).,فحص عيّني. / spot-check.
P3,258,likely_ocr_noise_medium_similarity,substantive_difference,0.9057,366,446,cd8a06bc7c5539223a834bd3ef2a626692e114d68036cac155485fb97f116eec,520457f54aeb394ae99604252d5066ab784d7a8ea4f883e55e7514108092d892,False,مسؤولية المصفي,على الأرجح ضجيج OCR (تشابه متوسط). / likely OCR noise (medium similarity).,فحص عيّني. / spot-check.
P3,259,likely_ocr_noise_medium_similarity,substantive_difference,0.8821,117,146,53b47d3e0649b328d1e82992fc8222114d93f1f71da6fd6c5eead7dd96080609,f4ccfda922775489821f5d2a1bbfd8310374a22d7e72129db87772afdb0f9227,False,عدم سماع دعوى المسؤولية,على الأرجح ضجيج OCR (تشابه متوسط). / likely OCR noise (medium similarity).,فحص عيّني. / spot-check.
P3,263,likely_ocr_noise_medium_similarity,substantive_difference,0.8043,368,380,5e0c84b53b42fb895bb17680c933f4a1b5f464b78f4de6fd2064f318ae56e8ce,1d21e4e54e8060fc4658974992ba74147fe4b15f1f7967de2dda6bdc6ca0d58d,False,تحديد العقوبة,على الأرجح ضجيج OCR (تشابه متوسط). / likely OCR noise (medium similarity).,فحص عيّني. / spot-check.
P3,267,likely_ocr_noise_medium_similarity,substantive_difference,0.9232,883,972,f7d8d3f0c2fadc5f7fac4200d0f83bf851ea7abad1d91073a365269c89ae661f,d5e93183a48e9b85e2a1260e411c08228ef7935c61618eddbca2e7c3c997d014,False,لجنة النظر في المخالفات,على الأرجح ضجيج OCR (تشابه متوسط). / likely OCR noise (medium similarity).,فحص عيّني. / spot-check.
P3,268,likely_ocr_noise_medium_similarity,substantive_difference,0.921,552,558,1adf93bd937900d6f9de15cfa772561fabee728827ab0539506b89bcfdd6eb6b,f259a5c80f2873ace4f53e91d4efca0210a63f9be7ce9ffc89eeceb8be7b4436,False,صفة الضبط الجنائي,على الأرجح ضجيج OCR (تشابه متوسط). / likely OCR noise (medium similarity).,فحص عيّني. / spot-check.
P3,269,likely_ocr_noise_medium_similarity,substantive_difference,0.898,155,194,c461ab9acf34660a55c21410fed8ace946baa16f75a4a3fc763f612e96133057,a71a43685d72f43d9c1e39b9bcde9384dd806b7c89555b4fcbb9a754bb277dff,False,المطالبة بالتعويض,على الأرجح ضجيج OCR (تشابه متوسط). / likely OCR noise (medium similarity).,فحص عيّني. / spot-check.
P3,271,likely_ocr_noise_medium_similarity,substantive_difference,0.9405,322,353,e115f64acc01348543013c4409930f2ddff77292fddbfcd6f6fd23b7fe55fd59,8e002eb4219593a6b5a9ab15deb458219ca98aa00103d552c15011883a58566f,False,الاطلاع على سجلات الشركة ووثائقها,على الأرجح ضجيج OCR (تشابه متوسط). / likely OCR noise (medium similarity).,فحص عيّني. / spot-check.
P3,274,likely_ocr_noise_medium_similarity,substantive_difference,0.922,1196,1212,5f0cb893add40e9d1b8f54ee338a61032fcac422d3b3ea58e881f14f376665cd,d5343e0f53ca9d900fc24bd12cecbd9ec4de74d49028b4526271dfcb1344c415,False,صلاحيات الجهة المختصة,على الأرجح ضجيج OCR (تشابه متوسط). / likely OCR noise (medium similarity).,فحص عيّني. / spot-check.
P3,280,likely_ocr_noise_medium_similarity,substantive_difference,0.8786,199,192,625f3ec37f3243e9f9be866cf7403ce7225f6455fcfefa82e6000b1c2aff7c73,db5bd060243b2d507a20fe81c74291b92317bb5eeb7eece5096770d9a0a97c86,False,إلغاء الأحكام المتعارضة,على الأرجح ضجيج OCR (تشابه متوسط). / likely OCR noise (medium similarity).,فحص عيّني. / spot-check.
P4,4,likely_ocr_noise_high_similarity,substantive_difference,0.9676,193,181,338ec55500bdf28aa2251cb61eeefeb84da5f442b7497078004e9d2b4f0ed4d6,b38840afea9c9f9429fd11a2da4fe91ed54d074f3b09fbd18420122537c31b95,False,أشكال الشركات,على الأرجح ضجيج OCR (تشابه عالٍ جدًا). / likely OCR noise (very high similarity).,فحص عيّني فقط. / spot-check only.
P4,6,likely_ocr_noise_high_similarity,substantive_difference,0.9564,558,576,2cc67c7b824343a8ba878b567206226358e4d3bdb5ede48dda66965812c277d8,38265dc2d763644a3e4f172b0dcc198ca59bd6ddc55f48ed9a69b284889d967c,False,طلب تأسيس الشركة,على الأرجح ضجيج OCR (تشابه عالٍ جدًا). / likely OCR noise (very high similarity).,فحص عيّني فقط. / spot-check only.
P4,10,likely_ocr_noise_high_similarity,substantive_difference,0.9863,110,109,296dca5668b382b573d881c3601bdf0d5d03c6fe79b13670b71ef81f1bdb797c,98206839171df213f427ef97e9cca6cd4b7843a7c46468331bd093b08a083f2c,False,أغراض الشركة,على الأرجح ضجيج OCR (تشابه عالٍ جدًا). / likely OCR noise (very high similarity).,فحص عيّني فقط. / spot-check only.
P4,13,likely_ocr_noise_high_similarity,substantive_difference,0.9759,476,494,1c30890055005583f231d2964b0fbcceecf274b38331552d902937c75022419d,7169be7bd830bffbf4b7343801b07d644dfbc4452e32f58763f71c7b726e7116,False,حصة الشريك أو المساهم,على الأرجح ضجيج OCR (تشابه عالٍ جدًا). / likely OCR noise (very high similarity).,فحص عيّني فقط. / spot-check only.
P4,16,likely_ocr_noise_high_similarity,substantive_difference,0.9887,227,225,85374651a3827b1070e54810c6ff95d16980aa1dac2538faae0402234b77a61f,89264efd0a9091db4611dad6b9b6b13186de998f80287f6e947f07a79e0e4f4e,False,السنة المالية للشركة,على الأرجح ضجيج OCR (تشابه عالٍ جدًا). / likely OCR noise (very high similarity).,فحص عيّني فقط. / spot-check only.
P4,18,likely_ocr_noise_high_similarity,substantive_difference,0.9881,1052,1063,d6e691354063bb720c20a7791953cfe797dfeeaf1270017f27587eb6855f5ea9,0e265888b3e9d0e64a88b684d3790b530ddc9041b3f2bbbffa966163bccffb7a,False,تعيين مراجع حسابات الشركة وعزله واعتزاله,على الأرجح ضجيج OCR (تشابه عالٍ جدًا). / likely OCR noise (very high similarity).,فحص عيّني فقط. / spot-check only.
P4,21,likely_ocr_noise_high_similarity,substantive_difference,0.9917,121,122,abb6d1653df44ae33b231ff85bd2c4a6458dd095f3c8581d89b38b7355aa5fb4,2959d7b94ab672142fbddd7b6b0d1d8c947b5cbf113f63597bafccad2e1d2cb1,False,الرقابة على حسابات الشركة,على الأرجح ضجيج OCR (تشابه عالٍ جدًا). / likely OCR noise (very high similarity).,فحص عيّني فقط. / spot-check only.
P4,29,likely_ocr_noise_high_similarity,substantive_difference,0.9771,1161,1176,ef658f9a62f97bf172bb9ce60a4816db4622f77a1dd6dac122882bb82357ee45,de7e038ea6a141a45a4561d5f714304ac756469f11475323bb6ae3f7ac09e439,False,دعوى الشركة والشريك أو المساهم,على الأرجح ضجيج OCR (تشابه عالٍ جدًا). / likely OCR noise (very high similarity).,فحص عيّني فقط. / spot-check only.
P4,32,likely_ocr_noise_high_similarity,substantive_difference,0.9895,192,192,0667920eb3f1a394e9abea345cd53412ec65e3d31d2cf9779e1a615dd21af1f0,7d8b49c0026c3e5403a2f24502017239ddc0d4a353ccf625a64853695522392b,False,نفقات إقامة دعوى المسؤولية,على الأرجح ضجيج OCR (تشابه عالٍ جدًا). / likely OCR noise (very high similarity).,فحص عيّني فقط. / spot-check only.
P4,44,likely_ocr_noise_high_similarity,substantive_difference,0.9833,419,431,186de0c3392b31dd56c4d0def0e4feb01961f3d860b0827ac6b6099c93fc0636,95b358de05e7d5d64e2368b096485af25092b1f9037bc90765a57f1beb9c4b79,False,حصص الشركاء والتنازل عنها,على الأرجح ضجيج OCR (تشابه عالٍ جدًا). / likely OCR noise (very high similarity).,فحص عيّني فقط. / spot-check only.
P4,46,likely_ocr_noise_high_similarity,substantive_difference,0.9783,712,729,6b1aef54ead3c68d6072a4df417248d4eb8562fd0c1d4bc523219fa7fe9341e9,2a3580136a366f5a3355369b024f9b09cd4fe8c3b9be43b88d37bcfff3f3429b,False,إجراءات الانسحاب والإخراج,على الأرجح ضجيج OCR (تشابه عالٍ جدًا). / likely OCR noise (very high similarity).,فحص عيّني فقط. / spot-check only.
P4,54,likely_ocr_noise_high_similarity,substantive_difference,0.9767,129,130,a37e1431b3ead7124ad094de827dcacd302e5187ab3126b416fc64858bc2c558,7ce7dc1f43678707d2bbca6f38625ec2b597f6bf54f6b9c523d7aaa350a36aba,False,الجمعية العامة للشركة,على الأرجح ضجيج OCR (تشابه عالٍ جدًا). / likely OCR noise (very high similarity).,فحص عيّني فقط. / spot-check only.
P4,62,likely_ocr_noise_high_similarity,substantive_difference,0.9732,150,151,d4bdbbef22c16e0f1283f162d4df39d5c1fd08e2a59f47f2399899cea6e57f69,a471e26ced8d8b5f49e46a079a360579112e346bf13269de69ddd0f6c64a91c7,False,الاكتتاب في الأسهم,على الأرجح ضجيج OCR (تشابه عالٍ جدًا). / likely OCR noise (very high similarity).,فحص عيّني فقط. / spot-check only.
P4,63,likely_ocr_noise_high_similarity,substantive_difference,0.9846,163,163,e10786e1b174da48c28cb42e5761af77ac27771653d58a86c83510f07f50b70c,23fe46f22e5945075a2c197eddb60c8b56cc2cc410b902221ef51f34a9e0b361,False,الاكتتاب خلال مرحلة التأسيس,على الأرجح ضجيج OCR (تشابه عالٍ جدًا). / likely OCR noise (very high similarity).,فحص عيّني فقط. / spot-check only.
P4,67,likely_ocr_noise_high_similarity,substantive_difference,0.9822,167,177,a32bc21759f8d2c28e3eeb1991b8de00d74f8a8031da09474a99efdcf3f3d708,7cae66dbaa0c88777949c01cff5ccf62c2bcd1e9208b137ae09ccf9749fb38c8,False,الترشح لعضوية مجلس الإدارة,على الأرجح ضجيج OCR (تشابه عالٍ جدًا). / likely OCR noise (very high similarity).,فحص عيّني فقط. / spot-check only.
P4,70,likely_ocr_noise_high_similarity,substantive_difference,0.9948,193,193,f3b4b05aa66eee930c387738e2e9277f174a9e8207fe40730b65c83769e6c382,54b07aaf08ea94cfaae003883e3f56d5bedceee6f97201aaab072c9614bdf0c3,False,إنهاء عضوية المتغيب عن الحضور,على الأرجح ضجيج OCR (تشابه عالٍ جدًا). / likely OCR noise (very high similarity).,فحص عيّني فقط. / spot-check only.
P4,80,likely_ocr_noise_high_similarity,substantive_difference,0.9814,725,742,2b12c055a33779f13ab71c1110c2bc91b8792e73a93474330c164546eba8c8a3,cf64d1253de6836f3b67b076a655765e0f65c1050b38635cc060d94d94f8d271,False,اجتماعات مجلس الإدارة,على الأرجح ضجيج OCR (تشابه عالٍ جدًا). / likely OCR noise (very high similarity).,فحص عيّني فقط. / spot-check only.
P4,81,likely_ocr_noise_high_similarity,substantive_difference,0.9593,373,373,5a314326f46a66e3afa33ba6309e18ea78f851aa3cda8791315a178c68547733,329ee3644da25abd4494faeb4eeae31d91be5bebe9c533edb7b0a8dc9976cad9,False,الإنابة في حضور الاجتماعات وسريان قرارات مجلس الإدارة,على الأرجح ضجيج OCR (تشابه عالٍ جدًا). / likely OCR noise (very high similarity).,فحص عيّني فقط. / spot-check only.
P4,86,likely_ocr_noise_high_similarity,substantive_difference,0.9906,214,213,085582611cb975a00965fe8e2565f6a84bd3fd77160a4568ae6e23e3882b5540,4e36a4ef6fe30933d1411431787dc849488a846ca233fac33853d684ed2a9b27,False,إصدار الجمعية العامة غير العادية قرارات الجمعية العامة العادية,على الأرجح ضجيج OCR (تشابه عالٍ جدًا). / likely OCR noise (very high similarity).,فحص عيّني فقط. / spot-check only.
P4,94,likely_ocr_noise_high_similarity,substantive_difference,0.9831,178,179,b3e0114d4edcbc1eabb1a35ad014940c168b28e6cf177e1f8e7e4b8f67d4353c,33aa94c0e548beb478a323dca807ad8078f9ecb9b69fa858f430e3c0ab58e0f3,False,سريان قرار الجمعية العامة,على الأرجح ضجيج OCR (تشابه عالٍ جدًا). / likely OCR noise (very high similarity).,فحص عيّني فقط. / spot-check only.
P4,98,likely_ocr_noise_high_similarity,substantive_difference,0.9848,296,297,db83f7c128fc34c18dc5a5b2c507de227c8bed59af1dc3a532e457638883c233,e0a2f6374deb007c619317db991313dc4969d297a2387a1430b3e15ca25761be,False,شركة المساهمة من شخص واحد,على الأرجح ضجيج OCR (تشابه عالٍ جدًا). / likely OCR noise (very high similarity).,فحص عيّني فقط. / spot-check only.
P4,119,likely_ocr_noise_high_similarity,substantive_difference,0.9917,241,245,218b198d0d6578d96052e16b9d85f2483bab75a78318806a7085d91dadb39159,c0b9aba28cbed03940052eee8d523f6aadb667eb2835be8deb1408ae14e5308c,False,التعويض عن الضرر,على الأرجح ضجيج OCR (تشابه عالٍ جدًا). / likely OCR noise (very high similarity).,فحص عيّني فقط. / spot-check only.
P4,128,likely_ocr_noise_high_similarity,substantive_difference,0.9878,451,450,3aa525d73fe575fff12275748a3a789985cdd1a5f799a8c265f6959317314e6c,8c901257e4212dcdb8ac0ac4f3888c290a14e9f3c696797ed408cba3f1e31e8d,False,أولوية الاكتتاب بالأسهم الجديدة,على الأرجح ضجيج OCR (تشابه عالٍ جدًا). / likely OCR noise (very high similarity).,فحص عيّني فقط. / spot-check only.
P4,130,likely_ocr_noise_high_similarity,substantive_difference,0.9904,105,105,85fdcd88315b714a2c1e5494d38f4c64465ecf2cbfd014445258512b95609489,2c9e500cb72a2390e55f9eea32de8c1d20cf72ccb1d364fb9b999db5bfc3c0ee,False,بيع حق الأولوية أو التنازل عنه,على الأرجح ضجيج OCR (تشابه عالٍ جدًا). / likely OCR noise (very high similarity).,فحص عيّني فقط. / spot-check only.
P4,131,likely_ocr_noise_high_similarity,substantive_difference,0.9528,575,616,b404f17f7af9a61370d07209d3271939c36b876bc55db682a3ce4ae8dacdb1f7,709a3636c25169993caa1cf23108a2cae155b7ba89ba1cb59bd4ab3c474e33c0,False,توزيع الأسهم الجديدة,على الأرجح ضجيج OCR (تشابه عالٍ جدًا). / likely OCR noise (very high similarity).,فحص عيّني فقط. / spot-check only.
P4,143,likely_ocr_noise_high_similarity,substantive_difference,0.9919,124,125,54a5991e04efdbfa7773057934d8d2de764c9067d9bc01e3833223d023ae0e7e,eee2ed80676c82f0755771664d16e5d6f28a951ea0331250b3d93516be3439e7,False,مسؤوليات الإدارة,على الأرجح ضجيج OCR (تشابه عالٍ جدًا). / likely OCR noise (very high similarity).,فحص عيّني فقط. / spot-check only.
P4,145,likely_ocr_noise_high_similarity,substantive_difference,0.9812,743,762,e64302ddd2d09ab5a8d8e77bcafa11ac6cd76e7c3b5163e2c0b71be17fb375d8,73fe7d59f18630554262806c40caf305748cbf344cc645d48c0f2d227c270969,False,اجتماع المساهمين,على الأرجح ضجيج OCR (تشابه عالٍ جدًا). / likely OCR noise (very high similarity).,فحص عيّني فقط. / spot-check only.
P4,148,likely_ocr_noise_high_similarity,substantive_difference,0.9871,387,396,700b3af1af37108ebaa4128a70ecc444d8e8fb3fc1bc79af2737171c4b44a5d5,930c4bfb51738007fafe228dffa45bb3c319d870f617df416854ae6b4486c994,False,محاضر اجتماعات المساهمين,على الأرجح ضجيج OCR (تشابه عالٍ جدًا). / likely OCR noise (very high similarity).,فحص عيّني فقط. / spot-check only.
P4,151,likely_ocr_noise_high_similarity,substantive_difference,0.9863,299,296,95432e6fa361ff09989a80dda91854d60b20d728dd6a4ebe8b2bc0b097eb4333,daa252a8d8058074f7d661b3455ba8935bcb853d53bd09bf3b29272001edcdb3,False,قيود التصرف في الأسهم,على الأرجح ضجيج OCR (تشابه عالٍ جدًا). / likely OCR noise (very high similarity).,فحص عيّني فقط. / spot-check only.
P4,154,likely_ocr_noise_high_similarity,substantive_difference,0.988,208,207,8ae0a2f37e2dded1b88eed535221d5f9fdfd908475a5216c3b3e33097b0772f2,c17648805d1021564c5bb407c1c2c5a20f57914ee3b66f679bd80c8b81ed2b12,False,إجماع المساهمين,على الأرجح ضجيج OCR (تشابه عالٍ جدًا). / likely OCR noise (very high similarity).,فحص عيّني فقط. / spot-check only.
P4,160,likely_ocr_noise_high_similarity,substantive_difference,0.9847,196,196,d4e58d4dd35b4f38c9256a5ca6dd10f7991276d0a0cce5497e10f01dcfd522f1,78ecd1136d09f7c1b0b7cb2ccc63489aed6173a8806413a636dfd39accab3ad8,False,تعيين مدير الشركة,على الأرجح ضجيج OCR (تشابه عالٍ جدًا). / likely OCR noise (very high similarity).,فحص عيّني فقط. / spot-check only.
P4,164,likely_ocr_noise_high_similarity,substantive_difference,0.9506,356,361,00c105f7a8d6b1a9ff73e7899c98fd39bce0ce77174efee4a7fec80aefe378cd,eca28d62c81f32d16f5c57998f7e58dbbfbe6033a9d427e10c0a67d09d108998,False,عزل المدير,على الأرجح ضجيج OCR (تشابه عالٍ جدًا). / likely OCR noise (very high similarity).,فحص عيّني فقط. / spot-check only.
P4,165,likely_ocr_noise_high_similarity,substantive_difference,0.9545,1055,1138,e7af38856805e4fe7c5722fe900c7eb089bf643bf190515ead5d60eeb36ccb9d,b1df5f05f04545fc325af1b086ee2a5576d63b50ca0c642df02454402c4f2697,False,الجمعية العامة,على الأرجح ضجيج OCR (تشابه عالٍ جدًا). / likely OCR noise (very high similarity).,فحص عيّني فقط. / spot-check only.
P4,168,likely_ocr_noise_high_similarity,substantive_difference,0.9868,385,376,291344f6e52a96260fbd7b3b90b00e12d9f768f5f489c8b3d44d3bff3b128d6c,c5f2a3338ea3706242164eb67649cc0002952a53bdb2c6ceb5b501624b83e485,False,جدول أعمال الجمعية العامة للشركاء,على الأرجح ضجيج OCR (تشابه عالٍ جدًا). / likely OCR noise (very high similarity).,فحص عيّني فقط. / spot-check only.
P4,179,likely_ocr_noise_high_similarity,substantive_difference,0.9814,216,225,2ee4ba0c47955a72e9cb59ae45b6bfe1197e91c6073435918d804e40e8362450,a27251da3b1305e1c04b993a63612f552512bbaa7fceed3b87baa1fff0f89908,False,إصدار أدوات الدين والصكوك التمويلية,على الأرجح ضجيج OCR (تشابه عالٍ جدًا). / likely OCR noise (very high similarity).,فحص عيّني فقط. / spot-check only.
P4,185,likely_ocr_noise_high_similarity,substantive_difference,0.951,705,717,7d39f78fe2c0ff58e82b67bf82fad188ebaa1d0ec1e7f9c2613b0fb26bc0cbd1,3ccf17dea4de2f3362498caf28c0a5b2085888ce023b1987011a6d46a5cedea9,False,تعريف الشركة غير الربحية,على الأرجح ضجيج OCR (تشابه عالٍ جدًا). / likely OCR noise (very high similarity).,فحص عيّني فقط. / spot-check only.
P4,189,likely_ocr_noise_high_similarity,substantive_difference,0.9839,187,187,7545f4bcb7f7297557bc7b7c1bfc5d7cf1d55265b6ab4d9bf82a38aa924ad857,bbb8dca13fa37785afbf89658c518aca55a50b4a6b39d767e4524e1f371c1793,False,حقوق العضو والتزاماته,على الأرجح ضجيج OCR (تشابه عالٍ جدًا). / likely OCR noise (very high similarity).,فحص عيّني فقط. / spot-check only.
P4,191,likely_ocr_noise_high_similarity,substantive_difference,0.973,112,112,f8381db074a5c0f31ba1c63fe8c151653918284194cf970239c222b054905009,93539d462ea3e6f02613f9b3582f215004bfc8c07f9d562f98fb19d7ff1e5852,False,طلب إنهاء العضوية,على الأرجح ضجيج OCR (تشابه عالٍ جدًا). / likely OCR noise (very high similarity).,فحص عيّني فقط. / spot-check only.
P4,193,likely_ocr_noise_high_similarity,substantive_difference,0.9858,497,500,d4c6ec84b7e5ba12589834c2ef104dc45e31b4fe89c9f1f39693f8ed3c782a94,9f3d189aa90d16ce8f627c5a327dc5b925e7213f61cf8f7243dcbcc0ec25d4e5,False,قبول الهبات والوصايا والأوقاف,على الأرجح ضجيج OCR (تشابه عالٍ جدًا). / likely OCR noise (very high similarity).,فحص عيّني فقط. / spot-check only.
P4,195,likely_ocr_noise_high_similarity,substantive_difference,0.9811,263,272,93006bab093a7d6e2b90b99ce5e6883eb531a2d738e8c86632db1ed76ea10d5b,c5cce6c77a283e8958bad573615ea3f347282609672cfabaad5c1a68faaaba31,False,تأسيس الجهات العامة والموظفين بها شركات غير ربحية,على الأرجح ضجيج OCR (تشابه عالٍ جدًا). / likely OCR noise (very high similarity).,فحص عيّني فقط. / spot-check only.
P4,197,likely_ocr_noise_high_similarity,substantive_difference,0.9789,144,142,62cb5c88b4b015e19034f775126d2e73fa319bea229956899b772581cae0007d,3cf357cef76fca069c881b05fc3d54351559b171603b7158f07923d8c6422875,False,تعريف الشركة المهنية,على الأرجح ضجيج OCR (تشابه عالٍ جدًا). / likely OCR noise (very high similarity).,فحص عيّني فقط. / spot-check only.
P4,198,likely_ocr_noise_high_similarity,substantive_difference,0.9936,81,78,88e37fdc466d3cf1fe167b173f560a199d36402a2636df7234a5f23232ab9444,12e55b77f5381261bf030e18c4f4aee762ed6c29393565b5cf15a2f080c196ef,False,شكل الشركة المهنية,على الأرجح ضجيج OCR (تشابه عالٍ جدًا). / likely OCR noise (very high similarity).,فحص عيّني فقط. / spot-check only.
P4,203,likely_ocr_noise_high_similarity,substantive_difference,0.9857,245,248,6647eea3f60579245e6c66b7809c571c19a39805fa910c0bf4876511ecb81a7f,4d1f0eba59f276e7b45fa50e83e27dd483774b361d8ef99cf3684c2d31c56f8e,False,ممارسة المهنة,على الأرجح ضجيج OCR (تشابه عالٍ جدًا). / likely OCR noise (very high similarity).,فحص عيّني فقط. / spot-check only.
P4,204,likely_ocr_noise_high_similarity,substantive_difference,0.9812,264,273,9d83701582ebd8d1fb8947e49ef370b1e7c342c671715edb9fe5109fe7ed10c7,582f19e1e2dd320406807024e9a272699b836612633d63409ac4c3fbfd302f03,False,أنشطة الشركة,على الأرجح ضجيج OCR (تشابه عالٍ جدًا). / likely OCR noise (very high similarity).,فحص عيّني فقط. / spot-check only.
P4,208,likely_ocr_noise_high_similarity,substantive_difference,0.9933,149,151,7ce82d0cc8f88b29bf9d33c211b83a46410230cf5b7c963d0f82b04e56b27677,0a1c799a2327f69b5c80104ef93cdef05722158e0393dcab4dcff94df3bfcd90,False,استقلال الشركاء أو المساهمين,على الأرجح ضجيج OCR (تشابه عالٍ جدًا). / likely OCR noise (very high similarity).,فحص عيّني فقط. / spot-check only.
P4,209,likely_ocr_noise_high_similarity,substantive_difference,0.9797,246,255,f9ff441d1c9d30b9940c4ddc67fdb10b13cc495b841eb29aeb6ce5a65ed2063f,b4bde00111bf4d56dcbc0335f50705d629f34aece7f20a6bc4e57bc8bd9ccb43,False,المسؤولية عن الأخطاء,على الأرجح ضجيج OCR (تشابه عالٍ جدًا). / likely OCR noise (very high similarity).,فحص عيّني فقط. / spot-check only.
P4,214,likely_ocr_noise_high_similarity,substantive_difference,0.9971,173,174,034331d729a664dea0792dad345c492012055aae5e5cea7756fc18ae78ceb136,1b0f79f83592babaa0ddeedadf400058c5252325b7a0a199a42d96cd19290847,False,الحجر على الشريك المتضامن أو إعساره أو افتتاح إجراء التصفية تجاهه,على الأرجح ضجيج OCR (تشابه عالٍ جدًا). / likely OCR noise (very high similarity).,فحص عيّني فقط. / spot-check only.
P4,216,likely_ocr_noise_high_similarity,substantive_difference,0.9822,143,142,f0fd4c96ec3d00a5316b8dcacbd3d9181c2c9d1d35e8d9213a11ab764ca92703,73aaebc06e2dc57eabe8a67139c15da35df5728a27aafdb059703a1131941162,False,الشركة القابضة,على الأرجح ضجيج OCR (تشابه عالٍ جدًا). / likely OCR noise (very high similarity).,فحص عيّني فقط. / spot-check only.
P4,217,likely_ocr_noise_high_similarity,substantive_difference,0.9768,534,521,b9ec9aa63e17f1164b9f985e0ab3cf14735939bff5a72f55daaf0e0d664a4435,de57cb19e1bd5d6129fe2539a1101e312fe8d2692420b2aa88f502328cdf39cf,False,الشركة التابعة,على الأرجح ضجيج OCR (تشابه عالٍ جدًا). / likely OCR noise (very high similarity).,فحص عيّني فقط. / spot-check only.
P4,231,likely_ocr_noise_high_similarity,substantive_difference,0.991,168,167,c373d00f9e3e08cdf527b8753199c26ebfea011a5d7b6ee78d3a9f75f18b61f6,0641b7a6efe8aa65ca11a5a6cf4e4a01fd1da1f2e6d9d4cd5a33135b147e43ea,False,شكل الشركة الناشئة عن التقسيم,على الأرجح ضجيج OCR (تشابه عالٍ جدًا). / likely OCR noise (very high similarity).,فحص عيّني فقط. / spot-check only.
P4,232,likely_ocr_noise_high_similarity,substantive_difference,0.9692,296,293,a59a3b868124eb15c24b0a8991b55dcdca4ea098b8325d3392fc6606fcaffe74,3a9293924462a92c239699eb3fedd4e039ca7e5d2f7ea20bad90c7bce810829a,False,قرار التقسيم,على الأرجح ضجيج OCR (تشابه عالٍ جدًا). / likely OCR noise (very high similarity).,فحص عيّني فقط. / spot-check only.
P4,235,likely_ocr_noise_high_similarity,substantive_difference,0.9808,235,234,4b065936e27fabcbabd3802be58e6a09113d897640938eaa35899cbedde88a15,3d68b027cf310c1ed31d6410f59192a625dfbd28a6cce3d598a29def6646f9e1,False,الشركات الأجنبية التي تسري عليها أحكام النظام,على الأرجح ضجيج OCR (تشابه عالٍ جدًا). / likely OCR noise (very high similarity).,فحص عيّني فقط. / spot-check only.
P4,236,likely_ocr_noise_high_similarity,substantive_difference,0.9841,159,157,55ddd145d9e223a90381bbaff57f6e0cebe7b3d2ef08c9fc5acbf2ab89d0859d,5caad5caa1e56c9157a3238b3902965f46c3a7d4c919e2eff979960194973bf6,False,ممارسة النشاط داخل المملكة,على الأرجح ضجيج OCR (تشابه عالٍ جدًا). / likely OCR noise (very high similarity).,فحص عيّني فقط. / spot-check only.
P4,237,likely_ocr_noise_high_similarity,substantive_difference,0.9811,159,159,3164c08002539643be1e595e772d1030391b061e48db2dc1b36366d6c1f8eca6,8d91206caa4ed2d78dd838ec1407bdda8482048b51fbc13f7567c6a882089099,False,البيانات الواجب تضمينها في وثائق الشركة,على الأرجح ضجيج OCR (تشابه عالٍ جدًا). / likely OCR noise (very high similarity).,فحص عيّني فقط. / spot-check only.
P4,239,likely_ocr_noise_high_similarity,substantive_difference,0.9868,153,154,5920f93215422f49ffe51119ebf5e1e4c7e8726a179a6dff2dc48fa1c2f7ecfa,4d8d02a70f276b9fe6ca3fe0b739c4c8b9b561a89982b218523bfe812ee51907,False,موطن الشركة الأجنبية,على الأرجح ضجيج OCR (تشابه عالٍ جدًا). / likely OCR noise (very high similarity).,فحص عيّني فقط. / spot-check only.
P4,240,likely_ocr_noise_high_similarity,substantive_difference,0.9813,241,242,1f88ebe7cef257901d153f10f3a615bb014102c319b997272d1ca63c316e42ca,6f6d6a217fbc979ceb5183027157efa0bf5fdd371e76b478ba454960fc806c82,False,المسؤولية عن الأعمال المخالفة,على الأرجح ضجيج OCR (تشابه عالٍ جدًا). / likely OCR noise (very high similarity).,فحص عيّني فقط. / spot-check only.
P4,243,likely_ocr_noise_high_similarity,substantive_difference,0.963,263,254,e304ba9c37d23c9ca7bd38c4414b02af2ff6ff91ae22fd42474b607da27079e9,e54bda6106194cba28814aaa07808ec27745ed0002dcfff81b9a7631801870be,False,الأسباب العامة لانقضاء الشركة,على الأرجح ضجيج OCR (تشابه عالٍ جدًا). / likely OCR noise (very high similarity).,فحص عيّني فقط. / spot-check only.
P4,245,likely_ocr_noise_high_similarity,substantive_difference,0.9767,195,195,e24521b96bfe01f6517565cb381bd78c6b8240f7ff2bc02c14817d40efc26bfe,2723e1a5d36d7e9b30c82ff14b8834066b7ecab41ed8eff482daf7296f4dafdc,False,كيفية إجراء التصفية,على الأرجح ضجيج OCR (تشابه عالٍ جدًا). / likely OCR noise (very high similarity).,فحص عيّني فقط. / spot-check only.
P4,246,likely_ocr_noise_high_similarity,substantive_difference,0.981,394,405,4785927d3f0d204ab2a5dab2fe1e495bdc9955b232b7ce0a1acb53d89332379c,c8cdf96457a8aa22b213234624b83947ce3988bde5e03f4db2b5aae730cda231,False,إدارة الشركة خلال مدة التصفية,على الأرجح ضجيج OCR (تشابه عالٍ جدًا). / likely OCR noise (very high similarity).,فحص عيّني فقط. / spot-check only.
P4,247,likely_ocr_noise_high_similarity,substantive_difference,0.9663,176,185,d2020f88dd23662bbd9a907b11c3af16efe00294b6b7dcd2384605c7824442c6,0581cfba682e40bca50cdacc1326354afd8d4fcd8912d369f4bf78761b1cab82,False,عدد المصفين ومدة التصفية,على الأرجح ضجيج OCR (تشابه عالٍ جدًا). / likely OCR noise (very high similarity).,فحص عيّني فقط. / spot-check only.
P4,249,likely_ocr_noise_high_similarity,substantive_difference,0.9778,135,136,d8d60aae6dc85bdc62a27318dc2f4e98aeca3d615810875b4585b0e3437313b2,2dd1251981c314bb12723013312cc83e44df9b80f33a5eaac824434e4f482d4b,False,قيد قرار تعيين المصفي وشهره,على الأرجح ضجيج OCR (تشابه عالٍ جدًا). / likely OCR noise (very high similarity).,فحص عيّني فقط. / spot-check only.
P4,251,likely_ocr_noise_high_similarity,substantive_difference,0.9724,146,145,234b2a701063f16c2726838e7c56d47963416bc7be1ca3b30c73bb59150e0ffc,d7e4be5c081d54a2dfd37ef723117a6a16d95909730a811bef9d749d673cc135,False,تعدد المصفين,على الأرجح ضجيج OCR (تشابه عالٍ جدًا). / likely OCR noise (very high similarity).,فحص عيّني فقط. / spot-check only.
P4,254,likely_ocr_noise_high_similarity,substantive_difference,0.973,226,225,228d4e5fea82ed9ca5b9108a2cca812167e90009d205742c80c5fd55b26c43ef,0e56d3a9bfd75bb04eb556d18dd7fa66cc6206254c0171bad74223198af54652,False,عدم كفاية الأصول,على الأرجح ضجيج OCR (تشابه عالٍ جدًا). / likely OCR noise (very high similarity).,فحص عيّني فقط. / spot-check only.
P4,265,likely_ocr_noise_high_similarity,substantive_difference,0.9856,139,140,7a871b04f1383f15c9ab6469f8ca3cbc6a27e976354e3c67d9dbe3ba10f5f6b8,aa71b79125b12375aedf0431c66748dfdf708593857a1d7d840b93a2003706c7,False,الاختصاص بالتحقيق والادعاء,على الأرجح ضجيج OCR (تشابه عالٍ جدًا). / likely OCR noise (very high similarity).,فحص عيّني فقط. / spot-check only.
P4,270,likely_ocr_noise_high_similarity,substantive_difference,0.9849,466,463,3b10f3dcf35f069749e9b6bec9333e1853e4f4678138dd7c4a522f10f8df8981,85ecedf07dcd0ad90ff557b07b497dd728ddb3a80569c677e8c91e386f08345e,False,الرقابة على الشركات,على الأرجح ضجيج OCR (تشابه عالٍ جدًا). / likely OCR noise (very high similarity).,فحص عيّني فقط. / spot-check only.
P4,272,likely_ocr_noise_high_similarity,substantive_difference,0.9887,267,267,87acaca1c5fd7a998b57b6b6d444009a408b8a9ea5290abab95c985fb422ddda,2c86471759a6b3f9ad8309e0f4a5f812260fba6dd1b27133be2e8b84dbcef01a,False,طلب الاستثناء من أحكام النظام,على الأرجح ضجيج OCR (تشابه عالٍ جدًا). / likely OCR noise (very high similarity).,فحص عيّني فقط. / spot-check only.
P4,275,likely_ocr_noise_high_similarity,substantive_difference,0.9872,118,117,68aca61d57fdb41b5c3fff4bf35b3a148a91613cc96979be88cebaacb0a3eb44,5dcd5aab2571408f7e7373fcb5e443c51498ce61cef2202849700f9e7c6ba0c7,False,الاستعانة بالجهات العامة أو الخاصة,على الأرجح ضجيج OCR (تشابه عالٍ جدًا). / likely OCR noise (very high similarity).,فحص عيّني فقط. / spot-check only.
P5,38,normalized_or_punctuation_review,punctuation_or_spacing,0.9871,157,157,3e1b4df69239ebd99a262df45e21bdc933ae0c8b12992ede50ccbac8f140e766,58e2e576b35bd53b3d7a1b0c91a15cbf02f529749013273afe0bc040484af582,False,قرارات الشركاء,اختلاف مسافات/ترقيم/تنسيق فقط. / whitespace/punctuation/markdown only.,مراجعة سريعة للتأكد أنه تنسيق فقط. / quick check that it is formatting only.
P5,59,normalized_or_punctuation_review,punctuation_or_spacing,0.9911,114,112,c03a89d236778c21a388d4d69799ba7f8f9e3ba9ef3877b657bda8332d73516b,3fb49901b1e58a494287e3da711dcd07f3e1eabc5ef1bb0071a504c95cfe94f6,False,رأس مال الشركة,اختلاف مسافات/ترقيم/تنسيق فقط. / whitespace/punctuation/markdown only.,مراجعة سريعة للتأكد أنه تنسيق فقط. / quick check that it is formatting only.
P5,65,normalized_or_punctuation_review,punctuation_or_spacing,0.9934,153,155,87733a84be85631ab72e4710b595d7a4962b9b36a8a2aa75ed2fd23c69bdbe48,03c0dfe1ec7242b802a6bd7a93b478656bb418d18f5e4f11acab12dd63af1a21,False,قيد الشركة لدى السجل التجاري,اختلاف مسافات/ترقيم/تنسيق فقط. / whitespace/punctuation/markdown only.,مراجعة سريعة للتأكد أنه تنسيق فقط. / quick check that it is formatting only.
P5,118,normalized_or_punctuation_review,punctuation_or_spacing,0.9941,171,173,bbc6663a44ccece7dd19fa32c839089a042202eb8c74106aeeb84733fc17cff6,247f58a0e692fe72f96f850f1ffa1b5cb411b5ff93f9dc978e195f087bf246d6,False,تحويل أدوات الدين والصكوك التمويلية,اختلاف مسافات/ترقيم/تنسيق فقط. / whitespace/punctuation/markdown only.,مراجعة سريعة للتأكد أنه تنسيق فقط. / quick check that it is formatting only.
P5,133,normalized_or_punctuation_review,punctuation_or_spacing,0.9804,364,354,c6ed7c9fb7ebe5dba4ef19ffda013753f108cdb5086edfc7bbef69f930fa5fac,7ee70d85ae961f2153e79ec2995fa137a480952ee5846a5a30efdbd070452e7a,False,طرق تخفيض رأس المال,اختلاف مسافات/ترقيم/تنسيق فقط. / whitespace/punctuation/markdown only.,مراجعة سريعة للتأكد أنه تنسيق فقط. / quick check that it is formatting only.
P5,161,normalized_or_punctuation_review,punctuation_or_spacing,0.9926,135,135,fa653ade0cb3195e115a1f75c2cdbf72fc69bbe9579e0ee059f02935f611f34c,54421a4c5d5f2995e87e583659eeac078a50b70ca09a5591c06b7d9a3aa4461a,False,طريقة إدارة الشركة,اختلاف مسافات/ترقيم/تنسيق فقط. / whitespace/punctuation/markdown only.,مراجعة سريعة للتأكد أنه تنسيق فقط. / quick check that it is formatting only.
P5,210,normalized_or_punctuation_review,punctuation_or_spacing,0.9948,194,196,52c36f42102263878fbdafb5f8aadea12e4af3725e40462cc135d4942416a87d,4b9b86877c19a29a4ec1914e0e8bf0a86fd3c54d2cdd551fd6535aadf22f18dc,False,التغطية التأمينية للأخطاء المهنية,اختلاف مسافات/ترقيم/تنسيق فقط. / whitespace/punctuation/markdown only.,مراجعة سريعة للتأكد أنه تنسيق فقط. / quick check that it is formatting only.
P5,278,normalized_or_punctuation_review,whitespace_or_markdown_only,1.0,128,130,45674326ec025a35d6fa5ef629972dc3646f89313b1ae01871b12f41aea51c83,d3bdcdcddba9d4a0584cc4cc002c94e7d21d62f3f5dd752bfc355136321a444a,False,المسؤولية الاجتماعية للشركات,اختلاف مسافات/ترقيم/تنسيق فقط. / whitespace/punctuation/markdown only.,مراجعة سريعة للتأكد أنه تنسيق فقط. / quick check that it is formatting only.
P6,136,exact_match_no_action,exact_match,1.0,90,90,2ef09fb9d4c102ba0a5864f8177a5fadd2d51673d6d6b420a804139fc7e28938,2ef09fb9d4c102ba0a5864f8177a5fadd2d51673d6d6b420a804139fc7e28938,False,المساواة بين المساهمين,لا يوجد اختلاف — مطابقة تامة. / None — exact match.,لا إجراء. / No action.
P6,279,exact_match_no_action,exact_match,1.0,83,83,6ceb6dea303b77dd9263e89349cf5e14b1e653aec2f172f28039b2b382f91bf6,6ceb6dea303b77dd9263e89349cf5e14b1e653aec2f172f28039b2b382f91bf6,False,المقابل المالي للخدمات,لا يوجد اختلاف — مطابقة تامة. / None — exact match.,لا إجراء. / No action.
P6,281,exact_match_no_action,exact_match,1.0,71,71,aad13b829c28262419a692b6ce11f94302a0eef9ffcd14b8718b2a3395db066f,aad13b829c28262419a692b6ce11f94302a0eef9ffcd14b8718b2a3395db066f,False,نفاذ النظام,لا يوجد اختلاف — مطابقة تامة. / None — exact match.,لا إجراء. / No action.
